GTFS Stop ID,Station ID,station_complex_id,Division,Line,Stop Name,Borough,CBD,Daytime Routes,Structure,North Direction Label,South Direction Label,ADA,ADA Northbound,ADA Southbound,ADA Notes,Georeference,is_cbd,total_from_all,total_to_all,total_from_to_cbd,total_to_from_cbd
127,317,611,IRT,Broadway - 7Av,Times Sq-42 St,M,TRUE,1 2 3,Subway,Uptown,Downtown,1,1,1,NA,POINT (-73.987495 40.75529),TRUE,29215136.4648,28417310.3594,12121209.2472,11666367.1836
S17,515,515,SIR,Staten Island,Annadale,SI,FALSE,SIR,Open Cut,Ferry,South Shore,0,0,0,NA,POINT (-74.178217 40.54046),FALSE,0,0,0,0
S01,139,627,BMT,Franklin Shuttle,Franklin Av,Bk,FALSE,S,Elevated,Last Stop,Prospect Park,1,1,1,NA,POINT (-73.955827 40.680596),FALSE,703450.7582,693381.5288,298603.5426,305196.3038
254,349,349,IRT,Eastern Pky,Junius St,Bk,FALSE,3,Elevated,Manhattan,New Lots,0,0,0,NA,POINT (-73.902447 40.663515),FALSE,256252.5674,257959.0726,28447.7516,29616.4738
M01,108,108,BMT,Myrtle Av,Middle Village-Metropolitan Av,Q,FALSE,M,Elevated,Inbound,Last Stop,1,1,1,NA,POINT (-73.889601 40.711396),FALSE,453436.4282,428143.7128,191463.6082,180180.3082
726,471,471,IRT,Flushing,34 St-Hudson Yards,M,TRUE,7,Subway,Last Stop,Queens,1,1,1,NA,POINT (-74.00191 40.755882),TRUE,3841388.1928,3979905.222,1760822.2364,1780669.1168
713,457,457,IRT,Flushing,52 St,Q,FALSE,7,Elevated,Outbound,Manhattan,0,0,0,NA,POINT (-73.912549 40.744149),FALSE,730061.1914,737444.5984,326788.446,326532.303
615,373,373,IRT,Pelham,E 149 St,Bx,FALSE,6,Subway,Northbound,Manhattan,1,1,1,NA,POINT (-73.904098 40.812118),FALSE,522660.9154,505616.0118,192974.5964,184325.7884
M11,97,97,BMT,Jamaica,Myrtle Av,Bk,FALSE,M J Z,Elevated,Outbound,Manhattan,0,0,0,NA,POINT (-73.935657 40.697207),FALSE,1594353.3534,1545743.2378,921262.4642,811552.0796
F16,234,234,IND,6th Av - Culver,East Broadway,M,TRUE,F,Subway,Uptown,Brooklyn,0,0,0,NA,POINT (-73.990173 40.713715),TRUE,2164495.2842,2243148.296,905157.878,935433.7322
F33,248,248,IND,6th Av - Culver,Avenue N,Bk,FALSE,F,Elevated,Manhattan,Southbound,0,0,0,NA,POINT (-73.974197 40.61514),FALSE,270443.9544,260549.3648,104515.0912,96494.2602
233,336,336,IRT,Eastern Pky,Hoyt St,Bk,FALSE,2 3,Subway,Manhattan,Outbound,2,0,1,Outbound only,POINT (-73.985065 40.690545),FALSE,1030674.7568,1054321.8584,239010.963,327736.7026
M05,110,110,BMT,Myrtle Av,Forest Av,Q,FALSE,M,Elevated,Inbound,Middle Village,0,0,0,NA,POINT (-73.903077 40.704423),FALSE,536649.3406,516300.5714,319464.8958,289503.733
S30,502,502,SIR,Staten Island,Tompkinsville,SI,FALSE,SIR,At Grade,Ferry,South Shore,0,0,0,NA,POINT (-74.074835 40.636949),FALSE,0,0,0,0
R43,37,37,BMT,4th Av,77 St,Bk,FALSE,R,Subway,Manhattan,Bay Ridge,0,0,0,NA,POINT (-74.02551 40.629742),FALSE,652972.6718,616722.3848,303094.4986,278411.247
A36,170,624,IND,8th Av - Fulton St,Chambers St,M,TRUE,A C,Subway,Uptown,Brooklyn,0,0,0,NA,POINT (-74.008585 40.714111),TRUE,8338188.8328,8435799.3788,4074292.2594,3878527.9228
604,363,363,IRT,Pelham,Westchester Sq-E Tremont Av,Bx,FALSE,6,Elevated,Pelham Bay,Manhattan,1,1,1,NA,POINT (-73.842952 40.839892),FALSE,485778.0262,474124.489,137267.51,131451.1258
D09,217,217,IND,Concourse,170 St,Bx,FALSE,B D,Subway,Northbound,Manhattan,0,0,0,NA,POINT (-73.9134 40.839306),FALSE,581693.9454,563816.4976,287047.016,261333.4748
629,400,613,IRT,Lexington Av,59 St,M,TRUE,4 5 6,Subway,Uptown,Downtown,0,0,0,NA,POINT (-73.967967 40.762526),TRUE,7129772.8582,7495923.2328,2807834.2312,2880972.7586
219,432,432,IRT,Lenox - White Plains Rd,Prospect Av,Bx,FALSE,2 5,Elevated,Northbound,Manhattan,0,0,0,NA,POINT (-73.90177 40.819585),FALSE,670365.0242,650063.7992,239952.3224,221695.731
F39,253,253,IND,6th Av - Culver,Neptune Av,Bk,FALSE,F,Elevated,Manhattan,Coney Island,0,0,0,NA,POINT (-73.974574 40.581011),FALSE,139720.311,140536.0622,39845.0806,38053.9004
N09,78,78,BMT,Sea Beach,Avenue U,Bk,FALSE,N,Open Cut,Manhattan,Coney Island,0,0,0,NA,POINT (-73.979137 40.597473),FALSE,488220.4018,480499.6926,141266.153,140407.1816
610,368,368,IRT,Pelham,Morrison Av-Soundview,Bx,FALSE,6,Elevated,Northbound,Manhattan,0,0,0,NA,POINT (-73.874516 40.829521),FALSE,672889.779,673523.9458,271734.4784,252979.9934
F32,247,247,IND,6th Av - Culver,Bay Pkwy,Bk,FALSE,F,Elevated,Manhattan,Southbound,0,0,0,NA,POINT (-73.975264 40.620769),FALSE,97188.2172,91337.5704,15798.171,16909.915
R13,8,8,BMT,Astoria,5 Av/59 St,M,TRUE,N R W,Subway,Queens,Downtown,0,0,0,NA,POINT (-73.973347 40.764811),TRUE,2132639.4854,2229802.5962,989229.3756,996479.521
B22,69,69,BMT,West End,25 Av,Bk,FALSE,D,Elevated,Manhattan,Coney Island,0,0,0,NA,POINT (-73.986829 40.597704),FALSE,497614.3058,476654.613,217649.6016,201664.426
622,393,393,IRT,Lexington Av,116 St,M,FALSE,6,Subway,The Bronx,Downtown,0,0,0,NA,POINT (-73.941617 40.798629),FALSE,1738925.9466,1681569.282,708249.0036,670431.8726
H14,202,202,IND,Rockaway,Beach 105 St,Q,FALSE,A S,Viaduct,Inbound,Rockaway Park,0,0,0,NA,POINT (-73.827559 40.583209),FALSE,17146.3062,18851.1168,5263.5794,5991.6864
F05,258,258,IND,Queens Blvd,Briarwood,Q,FALSE,E F,Subway,Jamaica,Manhattan,0,0,0,NA,POINT (-73.820574 40.709179),FALSE,611380.9922,588043.3868,273993.4638,248382.9228
R19,14,14,BMT,Broadway - Brighton,23 St,M,TRUE,R W,Subway,Uptown,Downtown,0,0,0,NA,POINT (-73.989344 40.741303),TRUE,2719462.1488,2837918.473,1488120.9008,1430718.7198
R18,13,13,BMT,Broadway - Brighton,28 St,M,TRUE,R W,Subway,Uptown,Downtown,0,0,0,NA,POINT (-73.988691 40.745494),TRUE,1789990.5628,1889499.304,963185.9416,945063.7092
114,304,304,IRT,Broadway - 7Av,145 St,M,FALSE,1,Subway,Uptown,Downtown,0,0,0,NA,POINT (-73.95036 40.826551),FALSE,1203117.7694,1206484.3278,520345.8484,540610.8646
A03,144,144,IND,8th Av - Fulton St,Dyckman St,M,FALSE,A,Subway,Uptown,Downtown,0,0,0,NA,POINT (-73.927271 40.865491),FALSE,784550.2626,769950.9538,444383.7446,411468.032
M16,101,101,BMT,Jamaica,Marcy Av,Bk,FALSE,M J Z,Elevated,Outbound,Manhattan,1,1,1,NA,POINT (-73.957757 40.708359),FALSE,1647131.8582,1639229.926,833861.8814,802935.8762
720,463,463,IRT,Flushing,Hunters Point Av,Q,FALSE,7,Subway,Outbound,Manhattan,0,0,0,NA,POINT (-73.948916 40.742216),FALSE,559311.6238,559064.0168,290587.3306,273226.1024
A16,154,154,IND,8th Av - Fulton St,116 St,M,FALSE,C B,Subway,Uptown,Downtown,0,0,0,NA,POINT (-73.954882 40.805085),FALSE,815735.6998,798670.9402,420364.5814,423097.7492
A41,174,636,IND,8th Av - Fulton St,Jay St-MetroTech,Bk,FALSE,A C F,Subway,Manhattan,Outbound,1,1,1,NA,POINT (-73.987342 40.692338),FALSE,4949447.231,5140130.4996,2076656.4354,1931865.9588
R39,33,33,BMT,4th Av,45 St,Bk,FALSE,R,Subway,Manhattan,Southbound,0,0,0,NA,POINT (-74.010006 40.648939),FALSE,1029478.0231999999,984131.8981999999,372119.2734,346320.606
A52,185,185,IND,8th Av - Fulton St,Liberty Av,Bk,FALSE,C,Subway,Manhattan,Outbound,0,0,0,NA,POINT (-73.896548 40.674542),FALSE,228089.4738,217343.6036,69592.697,64956.3684
G34,290,290,IND,Crosstown,Classon Av,Bk,FALSE,G,Subway,Queens,Southbound,0,0,0,NA,POINT (-73.96007 40.688873),FALSE,660733.8536,631509.1152,310054.8768,313965.6128
D30,46,46,BMT,Broadway - Brighton,Cortelyou Rd,Bk,FALSE,Q,Open Cut,Manhattan,Southbound,0,0,0,NA,POINT (-73.963891 40.640927),FALSE,783281.0244,770817.2824,335965.9752,319352.6112
G20,272,272,IND,Queens Blvd,36 St,Q,FALSE,M R,Subway,Outbound,Manhattan,0,0,0,NA,POINT (-73.928781 40.752039),FALSE,412656.0632,430378.7072,166857.2846,170828.9096
418,412,628,IRT,Lexington Av,Fulton St,M,TRUE,4 5,Subway,Uptown,Downtown,1,1,1,NA,POINT (-74.009509 40.710368),TRUE,12343187.7976,12615655.2426,5397410.6404,5578326.9704
212,425,425,IRT,Lenox - White Plains Rd,Bronx Park East,Bx,FALSE,2 5,Elevated,Northbound,Manhattan,0,0,0,NA,POINT (-73.868457 40.848828),FALSE,220577.92,218384.2726,84753.9662,79479.6842
503,444,444,IRT,Dyre Av,Gun Hill Rd,Bx,FALSE,5,Open Cut,Eastchester,Manhattan,1,1,1,NA,POINT (-73.846384 40.869526),FALSE,433487.9138,440506.3662,178187.9598,168927.7742
B18,65,65,BMT,West End,79 St,Bk,FALSE,D,Elevated,Manhattan,Southbound,0,0,0,NA,POINT (-74.00061 40.613501),FALSE,786620.7826,774141.5011999999,333326.7118,313060.8042
G29,285,629,IND,Crosstown,Metropolitan Av,Bk,FALSE,G,Subway,Queens,Southbound,1,1,1,NA,POINT (-73.951418 40.712792),FALSE,2700057.8516,2802984.4292,1265749.2296,1408809.7354
G21,273,273,IND,Queens Blvd,Queens Plaza,Q,FALSE,E M R,Subway,Outbound,Manhattan,1,1,1,NA,POINT (-73.937243 40.748973),FALSE,2386727.9626,2418564.3142,1248499.1286,1181892.9964
406,381,381,IRT,Jerome Av,Kingsbridge Rd,Bx,FALSE,4,Elevated,Northbound,Manhattan,0,0,0,NA,POINT (-73.897174 40.86776),FALSE,1007466.2664,945076.909,322638.8954,308380.5178
R23,18,623,BMT,Broadway,Canal St,M,TRUE,R W,Subway,Uptown,Downtown,0,0,0,NA,POINT (-74.001775 40.719527),TRUE,7142992.4662,7479724.6616,3134058.0414,3283531.8574
110,300,300,IRT,Broadway - 7Av,191 St,M,FALSE,1,Subway,The Bronx,Downtown,0,0,0,NA,POINT (-73.929412 40.855225),FALSE,915482.8998,898855.1398,369863.9944,350136.545
G09,262,262,IND,Queens Blvd,67 Av,Q,FALSE,M R,Subway,Outbound,Manhattan,0,0,0,NA,POINT (-73.852719 40.726523),FALSE,998510.8663999999,963780.8728,440398.8234,411264.9112
A51,184,621,IND,8th Av - Fulton St,Broadway Junction,Bk,FALSE,A C,Subway,Manhattan,Outbound,0,0,0,NA,POINT (-73.905316 40.678334),FALSE,1021300.0728,950713.2154,304519.5064,281460.1106
R01,1,1,BMT,Astoria,Astoria-Ditmars Blvd,Q,FALSE,N W,Elevated,Last Stop,Manhattan,0,0,0,NA,POINT (-73.912034 40.775036),FALSE,2025364.9756,1988691.948,1199543.93,1145242.127
246,358,358,IRT,Nostrand,Newkirk Av-Little Haiti,Bk,FALSE,2 5,Subway,Manhattan,Flatbush,0,0,0,NA,POINT (-73.948411 40.639967),FALSE,852908.579,795791.7804,373009.3436,333589.1424
L15,126,126,BMT,Canarsie,Jefferson St,Bk,FALSE,L,Subway,Manhattan,Outbound,0,0,0,NA,POINT (-73.922913 40.706607),FALSE,1415298.1844,1461930.3038,679721.3032,709939.5776
S25,507,507,SIR,Staten Island,Dongan Hills,SI,FALSE,SIR,Embankment,Ferry,South Shore,1,1,1,NA,POINT (-74.09609 40.588849),FALSE,0,0,0,0
H01,196,196,IND,Rockaway,Aqueduct Racetrack,Q,FALSE,A,At Grade,Manhattan,Rockaways,1,1,1,NA,POINT (-73.835919 40.672097),FALSE,50903.855,67469.6978,18790.429,25389.9458
J22,89,89,BMT,Jamaica,Cleveland St,Bk,FALSE,J,Elevated,Outbound,Manhattan,0,0,0,NA,POINT (-73.884639 40.679947),FALSE,208791.1928,217001.0556,57480.2908,56898.3344
A20,158,158,IND,8th Av - Fulton St,86 St,M,FALSE,C B,Subway,Uptown,Downtown,0,0,0,NA,POINT (-73.968916 40.785868),FALSE,1520091.3788,1535219.8836,835898.8072,840891.4828
A57,189,189,IND,Liberty Av,Grant Av,Bk,FALSE,A,Subway,Manhattan,Queens,0,0,0,NA,POINT (-73.86505 40.677044),FALSE,583499.395,555041.1212,260319.2172,238237.235
G15,268,268,IND,Queens Blvd,65 St,Q,FALSE,M R,Subway,Outbound,Manhattan,0,0,0,NA,POINT (-73.898453 40.749669),FALSE,427971.6052,421891.7138,213898.638,198780.4256
D34,50,50,BMT,Broadway - Brighton,Avenue M,Bk,FALSE,Q,Open Cut,Manhattan,Southbound,0,0,0,NA,POINT (-73.959399 40.617618),FALSE,697583.567,693830.267,217178.1018,202776.1374
103,294,294,IRT,Broadway - 7Av,238 St,Bx,FALSE,1,Elevated,Van Cortlandt,Manhattan,0,0,0,NA,POINT (-73.90087 40.884667),FALSE,534435.743,530591.6566,230827.049,221558.2164
238,341,341,IRT,Eastern Pky,Eastern Pkwy-Brooklyn Museum,Bk,FALSE,2 3,Subway,Manhattan,Outbound,1,1,1,NA,POINT (-73.964375 40.671987),FALSE,649504.9778,674993.7552,301337.5868,302863.7474
637,408,619,IRT,Lexington Av,Bleecker St,M,TRUE,6,Subway,Uptown,Downtown,1,1,1,NA,POINT (-73.994659 40.725915),TRUE,6328694.7116,6809556.9426,2830292.4252,3124261.1634
D29,45,45,BMT,Broadway - Brighton,Beverley Rd,Bk,FALSE,Q,Open Cut,Manhattan,Southbound,0,0,0,NA,POINT (-73.964492 40.644031),FALSE,485105.5098,485967.993,224428.6136,213354.3736
705,449,449,IRT,Flushing,111 St,Q,FALSE,7,Elevated,Outbound,Manhattan,0,0,0,NA,POINT (-73.855334 40.75173),FALSE,1836518.757,1821434.5293999999,638362.4994,605577.1398
A15,153,153,IND,8th Av - Fulton St,125 St,M,FALSE,A C B D,Subway,Uptown,Downtown,1,1,1,NA,POINT (-73.952343 40.811109),FALSE,3676424.8484,3612304.6576,1615616.8948,1574689.4522
D18,228,228,IND,6th Av - Culver,23 St,M,TRUE,F M,Subway,Uptown,Downtown,0,0,0,NA,POINT (-73.992821 40.742878),TRUE,3592613.4004,3734486.863,1627493.7362,1626062.374
419,413,413,IRT,Lexington Av,Wall St,M,TRUE,4 5,Subway,Uptown,Downtown,0,0,0,NA,POINT (-74.011862 40.707557),TRUE,2184431.381,2230639.3324,1149840.1902,1151933.7214
N08,77,77,BMT,Sea Beach,Kings Hwy,Bk,FALSE,N,Open Cut,Manhattan,Coney Island,0,0,0,NA,POINT (-73.980353 40.603923),FALSE,748391.8004,714205.052,270910.7516,253926.1174
115,305,305,IRT,Broadway - 7Av,137 St-City College,M,FALSE,1,Subway,Uptown,Downtown,0,0,0,NA,POINT (-73.953676 40.822008),FALSE,1509928.0036,1493093.7454,712595.1766,703537.8718
226,440,440,IRT,Lenox - White Plains Rd,116 St,M,FALSE,2 3,Subway,Uptown,Downtown,0,0,0,NA,POINT (-73.949625 40.802098),FALSE,1216556.1062,1201261.7514,585423.2024,576705.6176
136,326,326,IRT,Broadway - 7Av,Franklin St,M,TRUE,1,Subway,Uptown,Downtown,0,0,0,NA,POINT (-74.006886 40.719318),TRUE,795263.9884,816490.4898,569316.7058,546911.1006
410,385,385,IRT,Jerome Av,176 St,Bx,FALSE,4,Elevated,Northbound,Manhattan,0,0,0,NA,POINT (-73.911794 40.84848),FALSE,608137.6184,557330.2408,199086.3228,180053.012
D14,277,277,IND,Queens Blvd,7 Av,M,TRUE,E B D,Subway,Outbound,Downtown,0,0,0,NA,POINT (-73.981637 40.762862),TRUE,2568045.106,2682313.0734,1254362.29,1295931.8314
D08,216,216,IND,Concourse,174-175 Sts,Bx,FALSE,B D,Subway,Northbound,Manhattan,0,0,0,NA,POINT (-73.910136 40.8459),FALSE,455377.7736,424496.0246,206543.2622,180092.0148
A30,165,165,IND,8th Av - Fulton St,23 St,M,TRUE,C E,Subway,Uptown,Downtown,0,0,0,NA,POINT (-73.998041 40.745906),TRUE,2932357.8312,3013262.222,1471670.7172,1445910.0294
A46,179,179,IND,8th Av - Fulton St,Nostrand Av,Bk,FALSE,A C,Subway,Manhattan,Outbound,0,0,0,NA,POINT (-73.950426 40.680438),FALSE,2447519.1484,2380075.3422,1217041.624,1110218.6048
N03,72,72,BMT,Sea Beach,Fort Hamilton Pkwy,Bk,FALSE,N,Open Cut,Manhattan,Coney Island,0,0,0,NA,POINT (-74.005351 40.631386),FALSE,878212.0908,845954.5224,374872.7258,350097.602
504,445,445,IRT,Dyre Av,Pelham Pkwy,Bx,FALSE,5,Open Cut,Eastchester,Manhattan,0,0,0,NA,POINT (-73.855359 40.858985),FALSE,293510.0678,276465.4426,142027.3138,130595.558
R06,5,5,BMT,Astoria,36 Av,Q,FALSE,N W,Elevated,Astoria,Manhattan,0,0,0,NA,POINT (-73.929575 40.756804),FALSE,839813.2084,862184.9332,468875.4074,453636.8044
D03,211,211,IND,Concourse,Bedford Park Blvd,Bx,FALSE,B D,Subway,Northbound,Manhattan,1,1,1,NA,POINT (-73.887138 40.873244),FALSE,721578.2058,698623.6358,347071.7728,315930.8872
619,377,377,IRT,Pelham,3 Av-138 St,Bx,FALSE,6,Subway,Northbound,Manhattan,0,0,0,NA,POINT (-73.926138 40.810476),FALSE,964852.794,916419.557,392604.3962,356002.407
M10,114,114,BMT,Myrtle Av,Central Av,Bk,FALSE,M,Elevated,Inbound,Middle Village,0,0,0,NA,POINT (-73.927397 40.697857),FALSE,466617.22119999997,447715.0566,310312.4778,275964.1476
242,354,354,IRT,Nostrand,Sterling St,Bk,FALSE,2 5,Subway,Manhattan,Flatbush,0,0,0,NA,POINT (-73.95085 40.662742),FALSE,673179.214,650414.5184,303347.0744,282112.6708
F22,238,238,IND,6th Av - Culver,Smith-9 Sts,Bk,FALSE,F G,Viaduct,Northbound,Southbound,0,0,0,NA,POINT (-73.995959 40.67358),FALSE,499893.7406,506048.2512,166316.6062,166779.0486
611,369,369,IRT,Pelham,Elder Av,Bx,FALSE,6,Elevated,Northbound,Manhattan,0,0,0,NA,POINT (-73.879159 40.828584),FALSE,711307.9406,715188.8806,290040.8368,273413.765
Q05,475,475,IND,Second Av,96 St,M,FALSE,Q,Subway,Last Stop,Downtown,1,1,1,NA,POINT (-73.947152 40.784318),FALSE,2567334.8618,2424402.5022,1552593.2582,1378761.5246
S29,503,503,SIR,Staten Island,Stapleton,SI,FALSE,SIR,Elevated,Ferry,South Shore,0,0,0,NA,POINT (-74.075162 40.627915),FALSE,0,0,0,0
M04,109,109,BMT,Myrtle Av,Fresh Pond Rd,Q,FALSE,M,Elevated,Inbound,Middle Village,0,0,0,NA,POINT (-73.895877 40.706186),FALSE,703249.3992,696920.5264,393871.9678,373816.9092
A10,149,149,IND,8th Av - Fulton St,163 St-Amsterdam Av,M,FALSE,C,Subway,Uptown,Downtown,0,0,0,NA,POINT (-73.939892 40.836013),FALSE,463022.9752,467080.1108,265008.8746,251696.3686
R30,26,26,BMT,Broadway - Brighton,DeKalb Av,Bk,FALSE,B Q R,Subway,Manhattan,Southbound,1,1,1,NA,POINT (-73.981824 40.690635),FALSE,3128086.8882,3177695.6902,1385433.634,1349077.4302
633,404,404,IRT,Lexington Av,28 St,M,TRUE,6,Subway,Uptown,Downtown,2,0,1,Downtown only,POINT (-73.984264 40.74307),TRUE,2718443.4174,2733826.2770000002,1137950.9318,1117989.4822
119,309,309,IRT,Broadway - 7Av,103 St,M,FALSE,1,Subway,Uptown,Downtown,0,0,0,NA,POINT (-73.968379 40.799446),FALSE,1679279.2724,1667460.2841999999,887689.2498,871558.0222
B04,221,221,IND,63rd St,21 St-Queensbridge,Q,FALSE,F,Subway,Outbound,Manhattan,1,1,1,NA,POINT (-73.942836 40.754203),FALSE,1399370.9648,1405064.574,652897.577,597950.3902
204,417,417,IRT,Lenox - White Plains Rd,Nereid Av,Bx,FALSE,2 5,Elevated,Northbound,Manhattan,0,0,0,NA,POINT (-73.854376 40.898379),FALSE,269221.671,263743.2086,75162.468,71665.4808
J14,82,82,BMT,Jamaica,104 St,Q,FALSE,J Z,Elevated,Jamaica,Manhattan,0,0,0,NA,POINT (-73.84433 40.695178),FALSE,277291.2466,277962.6492,94125.672,88209.581
L24,133,133,BMT,Canarsie,Atlantic Av,Bk,FALSE,L,Elevated,Manhattan,Canarsie,0,0,0,NA,POINT (-73.903097 40.675345),FALSE,251438.7384,218725.5476,53012.9284,47529.7222
234,337,337,IRT,Eastern Pky,Nevins St,Bk,FALSE,2 3 4 5,Subway,Manhattan,Outbound,0,0,0,NA,POINT (-73.980492 40.688246),FALSE,1228993.1254,1246723.0514,460506.5894,483880.4012
L25,134,134,BMT,Canarsie,Sutter Av,Bk,FALSE,L,Elevated,Manhattan,Canarsie,0,0,0,NA,POINT (-73.901975 40.669367),FALSE,273655.1754,259351.1464,85899.9998,76025.7592
D24,40,617,BMT,Broadway - Brighton,Atlantic Av-Barclays Ctr,Bk,FALSE,B Q,Subway,Manhattan,Southbound,1,1,1,NA,POINT (-73.97689 40.68446),FALSE,6511557.9592,6540546.901,2066193.791,2062665.913
606,364,364,IRT,Pelham,Zerega Av,Bx,FALSE,6,Elevated,Pelham Bay,Manhattan,0,0,0,NA,POINT (-73.847036 40.836488),FALSE,239910.1186,232934.2174,95569.4448,88416.5438
F27,243,243,IND,6th Av - Culver,Church Av,Bk,FALSE,F G,Subway,Northbound,Southbound,1,1,1,NA,POINT (-73.979678 40.644041),FALSE,1198649.1664,1144074.5634,436311.314,409172.1708
D42,57,57,BMT,Broadway - Brighton,W 8 St-NY Aquarium,Bk,FALSE,F Q,Elevated,Manhattan,Coney Island,0,0,0,NA,POINT (-73.975939 40.576127),FALSE,358385.2218,360535.9236,106652.7406,104130.8976
F34,249,249,IND,6th Av - Culver,Avenue P,Bk,FALSE,F,Elevated,Manhattan,Southbound,0,0,0,NA,POINT (-73.973022 40.608944),FALSE,249731.6144,241510.2962,104658.6754,96098.2694
414,389,604,IRT,Jerome Av,161 St-Yankee Stadium,Bx,FALSE,4,Elevated,Northbound,Manhattan,1,1,1,NA,POINT (-73.925831 40.827994),FALSE,3962391.6582,3927693.9508,1733083.9574,1682912.0682
301,436,436,IRT,Lenox - White Plains Rd,Harlem-148 St,M,FALSE,3,Subway,Last Stop,Downtown,0,0,0,NA,POINT (-73.93647 40.82388),FALSE,343651.1264,305903.4374,175932.5732,158002.4154
132,322,601,IRT,Broadway - 7Av,14 St,M,TRUE,1 2 3,Subway,Uptown,Downtown,1,1,1,NA,POINT (-74.000201 40.737826),TRUE,6719670.3104,7090331.2474,2714611.111,2960906.1408
H08,206,206,IND,Rockaway,Beach 44 St,Q,FALSE,A,Viaduct,Manhattan,Far Rockaway,0,0,0,NA,POINT (-73.776013 40.592943),FALSE,30497.7266,30356.498199999998,9752.2858,8723.5886
218,431,431,IRT,Lenox - White Plains Rd,Intervale Av,Bx,FALSE,2 5,Elevated,Northbound,Manhattan,0,0,0,NA,POINT (-73.896736 40.822181),FALSE,294787.612,280607.423,107758.81,96122.6042
201,416,416,IRT,Lenox - White Plains Rd,Wakefield-241 St,Bx,FALSE,2,Elevated,Last Stop,Manhattan,0,0,0,NA,POINT (-73.85062 40.903125),FALSE,454157.5206,424571.4266,108478.4222,95466.9044
F15,233,625,IND,6th Av - Culver,Delancey St-Essex St,M,TRUE,F,Subway,Uptown,Brooklyn,0,0,0,NA,POINT (-73.988114 40.718611),TRUE,4507894.1446,4733539.08,1854102.7448,1998487.7742
J13,81,81,BMT,Jamaica,111 St,Q,FALSE,J,Elevated,Jamaica,Manhattan,0,0,0,NA,POINT (-73.836345 40.697418),FALSE,231065.2526,232231.295,61291.0078,58405.993
F01,254,254,IND,Queens Blvd,Jamaica-179 St,Q,FALSE,F,Subway,Last Stop,Manhattan,1,1,1,NA,POINT (-73.783817 40.712646),FALSE,2358884.0252,2228300.215,1043485.9276,929938.8166
614,372,372,IRT,Pelham,Longwood Av,Bx,FALSE,6,Subway,Northbound,Manhattan,0,0,0,NA,POINT (-73.896435 40.816104),FALSE,323341.2558,320648.4676,102509.8878,100307.767
118,308,308,IRT,Broadway - 7Av,Cathedral Pkwy (110 St),M,FALSE,1,Subway,Uptown,Downtown,0,0,0,NA,POINT (-73.966847 40.803967),FALSE,1719718.5272,1705713.9510000001,828893.0154,816754.0188
R14,9,9,BMT,Broadway - Brighton,57 St-7 Av,M,TRUE,N Q R W,Subway,Uptown,Downtown,1,1,1,NA,POINT (-73.980658 40.764664),TRUE,5073687.7856,5376733.1964,1924682.4996,2018505.5408
607,365,365,IRT,Pelham,Castle Hill Av,Bx,FALSE,6,Elevated,Pelham Bay,Manhattan,0,0,0,NA,POINT (-73.851222 40.834255),FALSE,691851.103,678389.8776,285030.6256,268136.5896
B21,68,68,BMT,West End,Bay Pkwy,Bk,FALSE,D,Elevated,Manhattan,Southbound,1,1,1,NA,POINT (-73.993728 40.601875),FALSE,937374.1282,913008.771,392761.1766,368202.6044
623,394,394,IRT,Lexington Av,110 St,M,FALSE,6,Subway,The Bronx,Downtown,0,0,0,NA,POINT (-73.94425 40.79502),FALSE,1316764.6958,1275202.363,606169.4618,574212.769
230,333,333,IRT,Clark St,Wall St,M,TRUE,2 3,Subway,Uptown,Brooklyn,0,0,0,NA,POINT (-74.0091 40.706821),TRUE,2617999.6722,2723051.4594,1393776.6716,1455883.225
H13,201,201,IND,Rockaway,Beach 98 St,Q,FALSE,A S,Viaduct,Inbound,Rockaway Park,0,0,0,NA,POINT (-73.820558 40.585307),FALSE,24340.612,26228.065,8511.363,8526.2548
R15,10,10,BMT,Broadway - Brighton,49 St,M,TRUE,N R W,Subway,Uptown,Downtown,2,1,0,Uptown only,POINT (-73.984139 40.759901),TRUE,4151385.1274,4245749.2448,2197383.7842,2081032.2126
D12,220,220,IND,Concourse,155 St,M,FALSE,B D,Subway,The Bronx,Downtown,0,0,0,NA,POINT (-73.938209 40.830135),FALSE,259933.1208,256204.5748,108282.8572,103148.4268
S16,516,516,SIR,Staten Island,Huguenot,SI,FALSE,SIR,Open Cut,Ferry,South Shore,0,0,0,NA,POINT (-74.191794 40.533674),FALSE,0,0,0,0
255,350,350,IRT,Eastern Pky,Pennsylvania Av,Bk,FALSE,3,Elevated,Manhattan,New Lots,0,0,0,NA,POINT (-73.894895 40.664635),FALSE,385436.313,369148.0982,93694.7466,89369.2672
714,458,458,IRT,Flushing,46 St-Bliss St,Q,FALSE,7,Elevated,Outbound,Manhattan,0,0,0,NA,POINT (-73.918435 40.743132),FALSE,1886887.6296,1921273.347,805608.6304,804888.4112
213,426,426,IRT,Lenox - White Plains Rd,E 180 St,Bx,FALSE,2 5,Elevated,Northbound,Manhattan,1,1,1,NA,POINT (-73.873488 40.841894),FALSE,1023994.7898,971601.8314,377499.3112,343257.3188
409,384,384,IRT,Jerome Av,Burnside Av,Bx,FALSE,4,Elevated,Northbound,Manhattan,0,0,0,NA,POINT (-73.907684 40.853453),FALSE,1057981.3722,962051.1126,353565.791,318339.3036
Q04,476,476,IND,Second Av,86 St,M,FALSE,Q,Subway,Uptown,Downtown,1,1,1,NA,POINT (-73.951787 40.777891),FALSE,3736989.6042,3593756.1248,2454567.8406,2246050.5268
F12,276,276,IND,Queens Blvd,5 Av/53 St,M,TRUE,E M,Subway,Queens,Downtown,0,0,0,NA,POINT (-73.975224 40.760167),TRUE,2353285.732,2497586.4698,1339560.921,1391246.6708
G30,286,286,IND,Crosstown,Broadway,Bk,FALSE,G,Subway,Queens,Southbound,0,0,0,NA,POINT (-73.950308 40.706092),FALSE,579640.809,577462.2062,64821.3616,151233.9992
A24,161,614,IND,8th Av - Fulton St,59 St-Columbus Circle,M,TRUE,A C B D,Subway,Uptown,Downtown,1,1,1,NA,POINT (-73.981736 40.768296),TRUE,10188251.1604,10611359.9592,4237531.8064,4477764.661
208,421,421,IRT,Lenox - White Plains Rd,Gun Hill Rd,Bx,FALSE,2 5,Elevated,Northbound,Manhattan,1,1,1,NA,POINT (-73.866256 40.87785),FALSE,673367.2098,622548.132,166305.5502,155924.283
128,318,318,IRT,Broadway - 7Av,34 St-Penn Station,M,TRUE,1 2 3,Subway,Uptown,Downtown,1,1,1,NA,POINT (-73.991057 40.750373),TRUE,10764766.174999999,10104028.0562,5181475.963,4805280.574
D38,53,53,BMT,Broadway - Brighton,Neck Rd,Bk,FALSE,Q,Open Cut,Manhattan,Southbound,0,0,0,NA,POINT (-73.955161 40.595246),FALSE,531171.5802,512676.403,239846.423,220802.8394
A61,192,192,IND,Liberty Av,Rockaway Blvd,Q,FALSE,A,Elevated,Manhattan,Outbound,0,0,0,NA,POINT (-73.843853 40.680429),FALSE,846180.7498,845696.078,348219.59,339410.0734
R42,36,36,BMT,4th Av,Bay Ridge Av,Bk,FALSE,R,Subway,Manhattan,Bay Ridge,0,0,0,NA,POINT (-74.023377 40.634967),FALSE,983505.0664,942584.3154,374447.5802,350369.0762
D43,58,58,BMT,Sea Beach / West End / Culver / Brighton,Coney Island-Stillwell Av,Bk,FALSE,D F N Q,Viaduct,Manhattan,Last Stop,1,1,1,NA,POINT (-73.981233 40.577422),FALSE,2264316.897,2087083.2936,542249.742,491458.7252
628,399,399,IRT,Lexington Av,68 St-Hunter College,M,FALSE,6,Subway,Uptown,Downtown,1,1,1,NA,POINT (-73.96387 40.768141),FALSE,2980179.3632,3107829.5496,1272477.0168,1231795.1506
G16,269,269,IND,Queens Blvd,Northern Blvd,Q,FALSE,M R,Subway,Outbound,Manhattan,1,1,1,NA,POINT (-73.906006 40.752885),FALSE,880168.9574,886459.0932,438210.374,420565.9568
L29,138,138,BMT,Canarsie,Canarsie-Rockaway Pkwy,Bk,FALSE,L,At Grade,Manhattan,Last Stop,1,1,1,NA,POINT (-73.90185 40.646654),FALSE,943901.5246,862890.6326,373814.1552,336772.779
A31,166,618,IND,8th Av - Fulton St,14 St,M,TRUE,A C E,Subway,Uptown,Downtown,1,1,1,NA,POINT (-74.00169 40.740893),TRUE,7187125.4508,7580960.9838,3422307.1182,3512654.1358
G22,281,606,IND,Crosstown,Court Sq,Q,FALSE,G,Subway,Last Stop,Brooklyn,1,1,1,NA,POINT (-73.943832 40.746554),FALSE,3711822.0226,3905377.5214,1735761.8336,1869207.1632
237,340,340,IRT,Eastern Pky,Grand Army Plaza,Bk,FALSE,2 3,Subway,Manhattan,Outbound,0,0,0,NA,POINT (-73.971046 40.675235),FALSE,991684.5388,1021054.8666,430905.0998,454776.9748
J31,96,96,BMT,Jamaica,Kosciuszko St,Bk,FALSE,J,Elevated,Outbound,Manhattan,0,0,0,NA,POINT (-73.928814 40.693342),FALSE,711502.9458,685161.8668,423623.0266,393805.1544
M09,113,113,BMT,Myrtle Av,Knickerbocker Av,Bk,FALSE,M,Elevated,Inbound,Middle Village,0,0,0,NA,POINT (-73.919711 40.698664),FALSE,497332.907,461152.7996,265981.8332,227120.067
618,376,376,IRT,Pelham,Brook Av,Bx,FALSE,6,Subway,Northbound,Manhattan,0,0,0,NA,POINT (-73.91924 40.807566),FALSE,552299.228,543752.4982,192882.612,187715.824
H02,197,197,IND,Rockaway,Aqueduct-N Conduit Av,Q,FALSE,A,At Grade,Manhattan,Rockaways,0,0,0,NA,POINT (-73.834058 40.668234),FALSE,60476.862,59764.329,32932.2902,31849.7664
S21,511,511,SIR,Staten Island,Oakwood Heights,SI,FALSE,SIR,Open Cut,Ferry,South Shore,0,0,0,NA,POINT (-74.12632 40.56511),FALSE,0,0,0,0
123,313,313,IRT,Broadway - 7Av,72 St,M,FALSE,1 2 3,Subway,Uptown,Downtown,1,1,1,NA,POINT (-73.98197 40.778453),FALSE,5925117.669,6112180.0072,2961444.6566,3061916.6672
B17,64,64,BMT,West End,71 St,Bk,FALSE,D,Elevated,Manhattan,Southbound,0,0,0,NA,POINT (-73.998864 40.619589),FALSE,591218.5636,585779.7446,267927.6576,249297.6646
250,345,345,IRT,Eastern Pky,Crown Hts-Utica Av,Bk,FALSE,3 4,Subway,Manhattan,Outbound,1,1,1,NA,POINT (-73.932942 40.668897),FALSE,3143759.253,2914860.5264,1223359.668,1104357.9366
709,453,453,IRT,Flushing,82 St-Jackson Hts,Q,FALSE,7,Elevated,Outbound,Manhattan,0,0,0,NA,POINT (-73.883697 40.747659),FALSE,1970279.4284,2011002.5618,572443.3248,627701.348
J23,90,90,BMT,Jamaica,Van Siclen Av,Bk,FALSE,J Z,Elevated,Outbound,Manhattan,0,0,0,NA,POINT (-73.891688 40.678024),FALSE,290658.25,272563.118,90895.4468,81488.5456
L11,122,122,BMT,Canarsie,Graham Av,Bk,FALSE,L,Subway,Manhattan,Outbound,0,0,0,NA,POINT (-73.944053 40.714565),FALSE,1344228.9158,1340548.9996,861548.6424,809540.3034
J17,85,85,BMT,Jamaica,75 St-Elderts Ln,Q,FALSE,J Z,Elevated,Jamaica,Manhattan,0,0,0,NA,POINT (-73.867139 40.691324),FALSE,324294.982,336829.3578,112332.4316,107857.9452
702,448,448,IRT,Flushing,Mets-Willets Point,Q,FALSE,7,Elevated,Outbound,Manhattan,0,0,0,NA,POINT (-73.845625 40.754622),FALSE,1667225.3718,1714007.6678,669028.088,745773.4666
638,409,409,IRT,Lexington Av,Spring St,M,TRUE,6,Subway,Uptown,Downtown,0,0,0,NA,POINT (-73.997141 40.722301),TRUE,1846159.43,1936657.8988,1095653.0162,1138669.6242
B10,224,224,IND,6th Av - Culver,57 St,M,TRUE,F,Subway,Uptown,Downtown,0,0,0,NA,POINT (-73.97745 40.763972),TRUE,2026624.1772,2192401.9390000002,971867.6052,1000139.7656
227,441,441,IRT,Lenox - White Plains Rd,110 St-Malcolm X Plaza,M,FALSE,2 3,Subway,Uptown,Downtown,0,0,0,NA,POINT (-73.951822 40.799075),FALSE,927264.2628,934539.6106,479560.8848,468093.9972
A19,157,157,IND,8th Av - Fulton St,96 St,M,FALSE,C B,Subway,Uptown,Downtown,0,0,0,NA,POINT (-73.964696 40.791642),FALSE,1272864.864,1289196.5412,644204.0758,644390.343
R36,32,32,BMT,4th Av,36 St,Bk,FALSE,D N R,Subway,Manhattan,Southbound,0,0,0,NA,POINT (-74.003549 40.655144),FALSE,2244690.7184,2247902.869,770666.8382,736666.0598
F04,257,257,IND,Queens Blvd,Sutphin Blvd,Q,FALSE,F,Subway,Jamaica,Manhattan,0,0,0,NA,POINT (-73.810708 40.70546),FALSE,516236.1184,474746.0354,174644.9126,149372.2138
A55,188,188,IND,8th Av - Fulton St,Euclid Av,Bk,FALSE,A C,Subway,Manhattan,Queens,1,1,1,NA,POINT (-73.872106 40.675377),FALSE,1198722.165,1123963.1104,433704.0188,384454.1864
R22,17,17,BMT,Broadway - Brighton,Prince St,M,TRUE,R W,Subway,Uptown,Downtown,0,0,0,NA,POINT (-73.997702 40.724329),TRUE,1983923.6386,2089156.4226,1213382.2972,1201917.5352
111,301,301,IRT,Broadway - 7Av,181 St,M,FALSE,1,Subway,The Bronx,Downtown,0,0,0,NA,POINT (-73.933596 40.849505),FALSE,1367888.758,1273691.5892,434725.9562,433757.2636
S26,506,506,SIR,Staten Island,Old Town,SI,FALSE,SIR,Embankment,Ferry,South Shore,0,0,0,NA,POINT (-74.087368 40.596612),FALSE,0,0,0,0
A34,169,169,IND,8th Av - Fulton St,Canal St,M,TRUE,A C E,Subway,Uptown,Downtown,0,0,0,NA,POINT (-74.005229 40.720824),TRUE,2510092.3310000002,2676693.491,1211641.2538,1308871.157
A02,143,143,IND,8th Av - Fulton St,Inwood-207 St,M,FALSE,A,Subway,Last Stop,Downtown,1,1,1,NA,POINT (-73.919899 40.868072),FALSE,1052011.8176,1004782.3814,544937.3928,480238.5526
D33,49,49,BMT,Broadway - Brighton,Avenue J,Bk,FALSE,Q,Open Cut,Manhattan,Southbound,0,0,0,NA,POINT (-73.960803 40.625039),FALSE,669186.0255999999,659590.6775999999,194550.6612,187662.8314
245,357,357,IRT,Nostrand,Beverly Rd,Bk,FALSE,2 5,Subway,Manhattan,Flatbush,0,0,0,NA,POINT (-73.948959 40.645098),FALSE,514495.504,483429.3252,225500.0882,205091.5926
708,452,452,IRT,Flushing,90 St-Elmhurst Av,Q,FALSE,7,Elevated,Outbound,Manhattan,0,0,0,NA,POINT (-73.876613 40.748408),FALSE,2746463.7146,2762072.9654,1008818.3744,999322.5002
M14,100,100,BMT,Jamaica,Hewes St,Bk,FALSE,M J,Elevated,Outbound,Manhattan,0,0,0,NA,POINT (-73.953431 40.70687),FALSE,324988.148,322500.6534,183100.827,165325.2958
405,380,380,IRT,Jerome Av,Bedford Park Blvd-Lehman College,Bx,FALSE,4,Elevated,Northbound,Manhattan,0,0,0,NA,POINT (-73.890064 40.873412),FALSE,562170.8274,547865.155,165055.896,165293.995
L03,117,602,BMT,Canarsie,14 St-Union Sq,M,TRUE,L,Subway,West Side,Brooklyn,1,1,1,NA,POINT (-73.99073 40.734789),TRUE,14472475.3466,15396113.9966,5397168.316,5916505.8064
L14,125,125,BMT,Canarsie,Morgan Av,Bk,FALSE,L,Subway,Manhattan,Outbound,0,0,0,NA,POINT (-73.933147 40.706152),FALSE,1096568.458,1131508.7848,572060.7784,589642.176
D15,225,225,IND,6th Av - Culver,47-50 Sts-Rockefeller Ctr,M,TRUE,B D F M,Subway,Uptown,Downtown,1,1,1,NA,POINT (-73.981329 40.758663),TRUE,7683454.1164,8115643.1322,2832926.6004,2895798.3986
135,325,325,IRT,Broadway - 7Av,Canal St,M,TRUE,1,Subway,Uptown,Downtown,0,0,0,NA,POINT (-74.006277 40.722854),TRUE,695891.6998,729964.392,424822.3442,431759.0654
A63,193,193,IND,Liberty Av,104 St,Q,FALSE,A,Elevated,Manhattan,Ozone Park,0,0,0,NA,POINT (-73.837683 40.681711),FALSE,164239.7096,157106.7588,86727.369,80042.0192
M21,105,622,BMT,Jamaica,Chambers St,M,TRUE,J Z,Subway,Brooklyn,Downtown,1,1,1,NA,POINT (-74.003401 40.713243),TRUE,3662763.9942,3819999.1262,1862753.8296,1817492.8444
L05,118,118,BMT,Canarsie,3 Av,M,TRUE,L,Subway,West Side,Brooklyn,0,0,0,NA,POINT (-73.986122 40.732849),TRUE,1007630.838,1069227.4786,245650.3974,357299.0456
D04,212,212,IND,Concourse,Kingsbridge Rd,Bx,FALSE,B D,Subway,Northbound,Manhattan,1,1,1,NA,POINT (-73.893509 40.866978),FALSE,684648.2618,663275.9224,353555.721,325570.0158
249,344,344,IRT,Eastern Pky,Kingston Av,Bk,FALSE,3,Subway,Manhattan,Outbound,0,0,0,NA,POINT (-73.942161 40.669399),FALSE,497455.9132,467835.3338,203136.066,183629.2964
R26,22,22,BMT,Broadway,Rector St,M,TRUE,R W,Subway,Uptown,Downtown,0,0,0,NA,POINT (-74.013342 40.70722),TRUE,665423.9096,640450.4042,392382.6614,350590.133
J19,86,86,BMT,Jamaica,Cypress Hills,Bk,FALSE,J,Elevated,Queens,Manhattan,0,0,0,NA,POINT (-73.87255 40.689941),FALSE,53292.5654,52470.3346,11229.737,11556.949
A40,173,173,IND,8th Av - Fulton St,High St,Bk,FALSE,A C,Subway,Manhattan,Outbound,0,0,0,NA,POINT (-73.990531 40.699337),FALSE,1539295.9824,1584764.205,1015195.9968,1028150.692
G08,261,261,IND,Queens Blvd,Forest Hills-71 Av,Q,FALSE,E F M R,Subway,Outbound,Manhattan,1,1,1,NA,POINT (-73.844521 40.721691),FALSE,3674862.4842,3621623.0282,1565150.2096,1481490.839
L20,130,130,BMT,Canarsie,Wilson Av,Bk,FALSE,L,Subway,Manhattan,Outbound,2,1,0,Manhattan-bound only,POINT (-73.904046 40.688764),FALSE,578327.1326,589174.0786,269841.4466,267118.7044
G33,289,289,IND,Crosstown,Bedford-Nostrand Avs,Bk,FALSE,G,Subway,Queens,Southbound,0,0,0,NA,POINT (-73.953522 40.689627),FALSE,1222636.0334,1175464.7306,486452.4262,526289.9256
S11,523,523,SIR,Staten Island,Arthur Kill,SI,FALSE,SIR,At Grade,Ferry,Tottenville,1,1,1,NA,POINT (-74.242096 40.516578),FALSE,0,0,0,0
L26,135,135,BMT,Canarsie,Livonia Av,Bk,FALSE,L,Elevated,Manhattan,Canarsie,1,1,1,NA,POINT (-73.900571 40.664038),FALSE,308524.1264,315670.679,62348.7064,54446.3128
131,321,321,IRT,Broadway - 7Av,18 St,M,TRUE,1,Subway,Uptown,Downtown,0,0,0,NA,POINT (-73.997871 40.74104),TRUE,1004586.8556,1055190.8902,573939.668,581685.537
L19,129,129,BMT,Canarsie,Halsey St,Q,FALSE,L,Subway,Manhattan,Outbound,0,0,0,NA,POINT (-73.904084 40.695602),FALSE,1118954.1173999999,1097770.6122,545512.6666,534940.4394
724,466,609,IRT,Flushing,5 Av,M,TRUE,7,Subway,Queens,Hudson Yards,0,0,0,NA,POINT (-73.981963 40.753821),TRUE,7559782.793,7942731.3964,2527151.0810000002,2607025.4646
F21,237,237,IND,6th Av - Culver,Carroll St,Bk,FALSE,F G,Subway,Northbound,Southbound,0,0,0,NA,POINT (-73.995048 40.680303),FALSE,1650310.1344,1618137.4126,781436.501,753656.6164
241,353,353,IRT,Nostrand,President St-Medgar Evers College,Bk,FALSE,2 5,Subway,Manhattan,Flatbush,0,0,0,NA,POINT (-73.950683 40.667883),FALSE,392232.9262,386351.156,168171.7868,155632.7028
F29,244,244,IND,6th Av - Culver,Ditmas Av,Bk,FALSE,F,Elevated,Manhattan,Southbound,0,0,0,NA,POINT (-73.978172 40.636119),FALSE,412160.3348,396010.9458,151098.3106,138479.9266
F35,250,250,IND,6th Av - Culver,Kings Hwy,Bk,FALSE,F,Elevated,Manhattan,Southbound,0,0,0,NA,POINT (-73.972361 40.603217),FALSE,358265.0056,345922.5058,111180.3244,103910.8462
415,390,603,IRT,Jerome Av,149 St-Grand Concourse,Bx,FALSE,4,Subway,Northbound,Manhattan,0,0,0,NA,POINT (-73.927351 40.818375),FALSE,1384268.6044,1363814.2446,393405.3544,379266.7772
S22,510,510,SIR,Staten Island,New Dorp,SI,FALSE,SIR,Open Cut,Ferry,South Shore,1,1,1,NA,POINT (-74.11721 40.57348),FALSE,0,0,0,0
H07,205,205,IND,Rockaway,Beach 60 St,Q,FALSE,A,Viaduct,Manhattan,Far Rockaway,0,0,0,NA,POINT (-73.788522 40.592374),FALSE,86650.4414,87813.2278,28377.5756,25919.428
209,422,422,IRT,Lenox - White Plains Rd,Burke Av,Bx,FALSE,2 5,Elevated,Northbound,Manhattan,0,0,0,NA,POINT (-73.867164 40.871356),FALSE,236960.535,236969.071,87703.9996,79967.5966
D25,41,41,BMT,Broadway - Brighton,7 Av,Bk,FALSE,B Q,Subway,Manhattan,Southbound,0,0,0,NA,POINT (-73.972367 40.67705),FALSE,1288642.8706,1298148.1958,701197.3014,656039.4824
D39,54,54,BMT,Broadway - Brighton,Sheepshead Bay,Bk,FALSE,B Q,Open Cut,Manhattan,Southbound,0,0,0,NA,POINT (-73.954155 40.586896),FALSE,1602027.164,1565117.2008,614045.2586000001,576743.4304
B12,59,59,BMT,West End,9 Av,Bk,FALSE,D,Open Cut,Manhattan,Southbound,0,0,0,NA,POINT (-73.994324 40.646292),FALSE,710760.371,706215.3012,323157.227,300855.662
A32,167,167,IND,8th Av - Fulton St,W 4 St-Wash Sq,M,TRUE,A C E,Subway,Uptown,Downtown,1,1,1,NA,POINT (-74.000495 40.732338),TRUE,7061729.9794,7413472.846,3215958.643,3420567.6548
G07,280,280,IND,Queens - Archer,Jamaica-Van Wyck,Q,FALSE,E,Subway,Jamaica,Manhattan,1,1,1,NA,POINT (-73.816859 40.702566),FALSE,580042.4454,569318.1896,185526.7164,172541.508
G24,282,282,IND,Crosstown,21 St,Q,FALSE,G,Subway,Court Square,Brooklyn,0,0,0,NA,POINT (-73.949724 40.744065),FALSE,207959.005,201860.563,9370.465,55713.2542
A11,150,150,IND,8th Av - Fulton St,155 St,M,FALSE,C,Subway,Uptown,Downtown,0,0,0,NA,POINT (-73.941514 40.830518),FALSE,265567.441,256410.5034,151170.977,142245.9974
413,388,388,IRT,Jerome Av,167 St,Bx,FALSE,4,Elevated,Northbound,Manhattan,0,0,0,NA,POINT (-73.9214 40.835537),FALSE,1055153.5558,1011271.8388,375718.979,360773.2674
101,293,293,IRT,Broadway - 7Av,Van Cortlandt Park-242 St,Bx,FALSE,1,Elevated,Last Stop,Manhattan,0,0,0,NA,POINT (-73.898583 40.889248),FALSE,724020.2596,695654.841,322542.54,299948.208
A25,162,162,IND,8th Av - Fulton St,50 St,M,TRUE,C E,Subway,Uptown,Downtown,2,0,1,Downtown only,POINT (-73.985984 40.762456),TRUE,3343933.4786,3401488.0932,1660866.047,1684076.0844
632,403,403,IRT,Lexington Av,33 St,M,TRUE,6,Subway,Uptown,Downtown,0,0,0,NA,POINT (-73.982076 40.746081),TRUE,3719806.2472,3717767.6052,1616028.8794,1533777.0166
122,312,312,IRT,Broadway - 7Av,79 St,M,FALSE,1,Subway,Uptown,Downtown,0,0,0,NA,POINT (-73.979917 40.783934),FALSE,2090552.4442,2097473.2188,1124381.3536,1120236.3526
A47,180,180,IND,8th Av - Fulton St,Kingston-Throop Avs,Bk,FALSE,C,Subway,Manhattan,Outbound,0,0,0,NA,POINT (-73.940858 40.679921),FALSE,849110.5984,822146.4948,459765.7252,427986.2458
207,420,420,IRT,Lenox - White Plains Rd,219 St,Bx,FALSE,2 5,Elevated,Northbound,Manhattan,0,0,0,NA,POINT (-73.862633 40.883895),FALSE,241821.4706,232264.4634,83604.5832,75053.8716
G12,265,265,IND,Queens Blvd,Grand Av-Newtown,Q,FALSE,M R,Subway,Outbound,Manhattan,0,0,0,NA,POINT (-73.877223 40.737015),FALSE,2597004.1222,2621104.5564,1148050.4008,1128592.1798
N04,73,615,BMT,Sea Beach,New Utrecht Av,Bk,FALSE,N,Open Cut,Manhattan,Coney Island,1,1,1,NA,POINT (-73.996353 40.624842),FALSE,635560.067,623937.8194,196529.219,181377.9068
A12,151,151,IND,8th Av - Fulton St,145 St,M,FALSE,A C,Subway,Uptown,Downtown,0,0,0,NA,POINT (-73.944216 40.824783),FALSE,2972979.2902,2943566.1498,1477884.5934,1382893.4828
R05,4,4,BMT,Astoria,Broadway,Q,FALSE,N W,Elevated,Astoria,Manhattan,0,0,0,NA,POINT (-73.925508 40.76182),FALSE,1677800.9616,1679667.2172,1056851.822,1024964.0006
A43,176,176,IND,8th Av - Fulton St,Lafayette Av,Bk,FALSE,C,Subway,Manhattan,Outbound,0,0,0,NA,POINT (-73.973946 40.686113),FALSE,731701.2072,743211.3394,323987.9218,315590.713
D37,52,52,BMT,Broadway - Brighton,Avenue U,Bk,FALSE,Q,Open Cut,Manhattan,Southbound,0,0,0,NA,POINT (-73.955929 40.5993),FALSE,864111.109,850492.0346,362449.277,338656.0052
A60,191,191,IND,Liberty Av,88 St,Q,FALSE,A,Elevated,Manhattan,Outbound,0,0,0,NA,POINT (-73.85147 40.679843),FALSE,289844.1272,285740.0338,174913.7528,167042.6306
R35,31,31,BMT,4th Av,25 St,Bk,FALSE,R,Subway,Manhattan,Southbound,0,0,0,NA,POINT (-73.998091 40.660397),FALSE,421790.2768,424358.7714,156666.1188,155898.524
G18,270,270,IND,Queens Blvd,46 St,Q,FALSE,M R,Subway,Outbound,Manhattan,0,0,0,NA,POINT (-73.913333 40.756312),FALSE,996611.5166,1006330.2604,531901.9482,526291.2372
G36,292,292,IND,Crosstown,Fulton St,Bk,FALSE,G,Subway,Queens,Southbound,0,0,0,NA,POINT (-73.975375 40.687119),FALSE,810577.6682,844020.323,37113.9912,152182.4598
423,415,620,IRT,Eastern Pky,Borough Hall,Bk,FALSE,4 5,Subway,Manhattan,Outbound,2,1,0,Manhattan-bound only,POINT (-73.990151 40.692404),FALSE,3847882.1672,3989021.9338,1659306.0724,1617168.283
117,307,307,IRT,Broadway - 7Av,116 St-Columbia University,M,FALSE,1,Subway,Uptown,Downtown,0,0,0,NA,POINT (-73.96411 40.807722),FALSE,1876378.562,1893653.9734,897357.654,880527.385
608,366,366,IRT,Pelham,Parkchester,Bx,FALSE,6,Elevated,Northbound,Manhattan,0,0,0,NA,POINT (-73.860816 40.833226),FALSE,1554395.2346,1505780.0452,657813.3498,608164.861
634,405,405,IRT,Lexington Av,23 St-Baruch College,M,TRUE,6,Subway,Uptown,Downtown,1,1,1,NA,POINT (-73.986599 40.739864),TRUE,3428406.7392,3510179.3326,1568350.8148,1538041.9144
H06,204,204,IND,Rockaway,Beach 67 St,Q,FALSE,A,Viaduct,Manhattan,Far Rockaway,1,1,1,NA,POINT (-73.796924 40.590927),FALSE,150367.7876,156075.1226,52165.35,50166.9956
408,383,383,IRT,Jerome Av,183 St,Bx,FALSE,4,Elevated,Northbound,Manhattan,0,0,0,NA,POINT (-73.903879 40.858407),FALSE,605108.602,568604.6842,220157.973,205510.54
F11,275,612,IND,Queens Blvd,Lexington Av/53 St,M,TRUE,E M,Subway,Queens,Downtown,1,1,1,NA,POINT (-73.969055 40.757552),TRUE,7816077.486,8108779.0674,3619664.5712,3638265.9296
D26,42,42,BMT,Broadway - Brighton,Prospect Park,Bk,FALSE,B Q S,Open Cut,Northbound,Southbound,1,1,1,NA,POINT (-73.962246 40.661614),FALSE,1376039.0552,1376102.85,613494.3634,590709.5376
129,319,319,IRT,Broadway - 7Av,28 St,M,TRUE,1,Subway,Uptown,Downtown,0,0,0,NA,POINT (-73.993365 40.747215),TRUE,1824667.1084,1891696.6084,930245.2172,921118.3252
R24,20,20,BMT,Broadway,City Hall,M,TRUE,R W,Subway,Uptown,Downtown,0,0,0,NA,POINT (-74.006978 40.713282),TRUE,635191.5868,626854.3432,346642.5942,299970.8756
F07,260,260,IND,Queens Blvd,75 Av,Q,FALSE,E F,Subway,Jamaica,Manhattan,0,0,0,NA,POINT (-73.837324 40.718331),FALSE,397005.0188,400373.537,189273.8482,182018.3966
N05,74,74,BMT,Sea Beach,18 Av,Bk,FALSE,N,Open Cut,Manhattan,Coney Island,0,0,0,NA,POINT (-73.990414 40.620671),FALSE,650432.96,651107.4052,207235.903,203513.859
112,302,605,IRT,Broadway - 7Av,168 St-Washington Hts,M,FALSE,1,Subway,Uptown,Downtown,0,0,0,NA,POINT (-73.940133 40.840556),FALSE,3147294.0466,3193322.9236,1239296.9122,1240213.5734
302,437,437,IRT,Lenox - White Plains Rd,145 St,M,FALSE,3,Subway,Harlem,Downtown,0,0,0,NA,POINT (-73.936245 40.820421),FALSE,320932.5206,292714.8088,178652.335,159683.964
A06,146,146,IND,8th Av - Fulton St,181 St,M,FALSE,A,Subway,Uptown,Downtown,1,1,1,NA,POINT (-73.937969 40.851695),FALSE,1200584.8342,1208852.0956,745957.667,711475.8884
107,297,297,IRT,Broadway - 7Av,215 St,M,FALSE,1,Elevated,The Bronx,Downtown,0,0,0,NA,POINT (-73.915279 40.869444),FALSE,258324.7112,259822.8172,58777.594,69299.3846
J30,95,95,BMT,Jamaica,Gates Av,Bk,FALSE,J Z,Elevated,Outbound,Manhattan,0,0,0,NA,POINT (-73.92227 40.68963),FALSE,832762.1864,806251.171,478645.348,446935.4062
715,459,459,IRT,Flushing,40 St-Lowery St,Q,FALSE,7,Elevated,Outbound,Manhattan,0,0,0,NA,POINT (-73.924016 40.743781),FALSE,1343348.975,1379186.048,611543.4884,602243.1386
F20,236,236,IND,6th Av - Culver,Bergen St,Bk,FALSE,F G,Subway,Northbound,Southbound,0,0,0,NA,POINT (-73.990862 40.686145),FALSE,1614788.4034,1588965.3142,695278.4332,698125.092
A48,181,181,IND,8th Av - Fulton St,Utica Av,Bk,FALSE,A C,Subway,Manhattan,Outbound,1,1,1,NA,POINT (-73.930729 40.679364),FALSE,1972710.2164,1898057.216,945393.8194,870069.3294
Q03,477,477,IND,Second Av,72 St,M,FALSE,Q,Subway,Uptown,Downtown,1,1,1,NA,POINT (-73.958424 40.768799),FALSE,4461170.3424,4428899.4928,2460114.0884000002,2278914.9044
231,334,334,IRT,Clark St,Clark St,Bk,FALSE,2 3,Subway,Manhattan,Outbound,0,0,0,NA,POINT (-73.993086 40.697466),FALSE,934378.73,954170.348,513957.2924,546794.1394
A22,160,160,IND,8th Av - Fulton St,72 St,M,FALSE,C B,Subway,Uptown,Downtown,0,0,0,NA,POINT (-73.97641 40.775594),FALSE,1515360.2692,1548235.052,902836.9818,909952.0666
A54,187,187,IND,8th Av - Fulton St,Shepherd Av,Bk,FALSE,C,Subway,Manhattan,Outbound,0,0,0,NA,POINT (-73.88075 40.67413),FALSE,253138.0134,248371.2802,93732.5358,87508.865
R41,35,35,BMT,4th Av,59 St,Bk,FALSE,N R,Subway,Manhattan,Southbound,1,1,1,NA,POINT (-74.017881 40.641362),FALSE,1821280.8732,1751088.3016,600432.0828,551655.1212
602,361,361,IRT,Pelham,Buhre Av,Bx,FALSE,6,Elevated,Pelham Bay,Manhattan,0,0,0,NA,POINT (-73.832569 40.84681),FALSE,410328.0874,401187.04,180598.5272,165383.0164
627,398,398,IRT,Lexington Av,77 St,M,FALSE,6,Subway,Uptown,Downtown,0,0,0,NA,POINT (-73.959874 40.77362),FALSE,3812213.1706000003,3859909.128,1878888.7694,1837481.1844
D32,48,48,BMT,Broadway - Brighton,Avenue H,Bk,FALSE,Q,Open Cut,Manhattan,Southbound,1,1,1,NA,POINT (-73.961639 40.62927),FALSE,363845.2688,364426.362,130245.7478,122898.4258
139,329,329,IRT,Broadway - 7Av,Rector St,M,TRUE,1,Subway,Uptown,Downtown,0,0,0,NA,POINT (-74.013783 40.707513),TRUE,1028057.8538,987554.48,825650.0316,731113.5348
R08,6,6,BMT,Astoria,39 Av-Dutch Kills,Q,FALSE,N W,Elevated,Astoria,Manhattan,0,0,0,NA,POINT (-73.932755 40.752882),FALSE,468419.5952,472382.1846,267354.3264,265392.024
S20,512,512,SIR,Staten Island,Bay Terrace,SI,FALSE,SIR,Embankment,Ferry,South Shore,0,0,0,NA,POINT (-74.136907 40.5564),FALSE,0,0,0,0
J12,80,80,BMT,Jamaica,121 St,Q,FALSE,J Z,Elevated,Jamaica,Manhattan,0,0,0,NA,POINT (-73.828294 40.700492),FALSE,238551.8758,236754.4734,50880.4848,48047.7472
134,324,324,IRT,Broadway - 7Av,Houston St,M,TRUE,1,Subway,Uptown,Downtown,0,0,0,NA,POINT (-74.005367 40.728251),TRUE,2033363.9446,2148981.3088,1148063.4196,1168866.1072
F02,255,255,IND,Queens Blvd,169 St,Q,FALSE,F,Subway,Jamaica,Manhattan,0,0,0,NA,POINT (-73.793604 40.71047),FALSE,967502.1876,916080.9815999999,373295.12,329640.10599999997
F30,245,245,IND,6th Av - Culver,18 Av,Bk,FALSE,F,Elevated,Manhattan,Southbound,0,0,0,NA,POINT (-73.976971 40.629755),FALSE,377958.875,373063.4228,106011.319,103409.038
501,442,442,IRT,Dyre Av,Eastchester-Dyre Av,Bx,FALSE,5,At Grade,Last Stop,Manhattan,0,0,0,NA,POINT (-73.830834 40.8883),FALSE,389392.1512,381935.1204,133248.9908,124164.4082
G31,287,287,IND,Crosstown,Flushing Av,Bk,FALSE,G,Subway,Queens,Southbound,0,0,0,NA,POINT (-73.950234 40.700377),FALSE,320370.7164,313609.0774,61805.1942,73628.3346
251,346,346,IRT,Eastern Pky,Sutter Av-Rutland Rd,Bk,FALSE,3,Elevated,Manhattan,New Lots,0,0,0,NA,POINT (-73.92261 40.664717),FALSE,707158.583,661387.7166,233072.2942,209517.4978
214,427,427,IRT,Lenox - White Plains Rd,West Farms Sq-E Tremont Av,Bx,FALSE,2 5,Elevated,Northbound,Manhattan,0,0,0,NA,POINT (-73.880049 40.840295),FALSE,606290.7964,579830.7068,205294.5428,191613.8278
624,395,395,IRT,Lexington Av,103 St,M,FALSE,6,Subway,The Bronx,Downtown,0,0,0,NA,POINT (-73.947478 40.7906),FALSE,1580656.558,1544528.7954,649339.6206,608044.7282
H10,208,208,IND,Rockaway,Beach 25 St,Q,FALSE,A,Viaduct,Manhattan,Far Rockaway,0,0,0,NA,POINT (-73.761353 40.600066),FALSE,73431.1314,70861.9198,26497.6906,24052.2278
R21,16,16,BMT,Broadway - Brighton,8 St-NYU,M,TRUE,R W,Subway,Uptown,Downtown,0,0,0,NA,POINT (-73.992629 40.730328),TRUE,2399061.8824,2516511.216,1447367.402,1417429.9162
L12,123,123,BMT,Canarsie,Grand St,Bk,FALSE,L,Subway,Manhattan,Outbound,1,1,1,NA,POINT (-73.94067 40.711926),FALSE,876864.2454,902681.0795999999,443883.4942,440959.103
S15,517,517,SIR,Staten Island,Prince's Bay,SI,FALSE,SIR,Open Cut,Ferry,South Shore,0,0,0,NA,POINT (-74.200064 40.525507),FALSE,0,0,0,0
256,351,351,IRT,Eastern Pky,Van Siclen Av,Bk,FALSE,3,Elevated,Manhattan,New Lots,0,0,0,NA,POINT (-73.889395 40.665449),FALSE,223724.0358,209780.5398,70342.662,64116.7878
701,447,447,IRT,Flushing,Flushing-Main St,Q,FALSE,7,Subway,Last Stop,Manhattan,1,1,1,NA,POINT (-73.83003 40.7596),FALSE,9302254.2838,8881077.763,3276738.9498,3200157.1
S04,142,626,BMT,Franklin Shuttle,Botanic Garden,Bk,FALSE,S,Open Cut,Franklin Av,Prospect Park,0,0,0,NA,POINT (-73.959245 40.670343),FALSE,2094741.9576,2093942.087,927556.7808,873079.1976
D05,213,213,IND,Concourse,Fordham Rd,Bx,FALSE,B D,Subway,Northbound,Manhattan,0,0,0,NA,POINT (-73.897749 40.861296),FALSE,1000942.6454,971439.8116,454537.6992,423134.5834
236,339,339,IRT,Eastern Pky,Bergen St,Bk,FALSE,2 3,Subway,Manhattan,Outbound,0,0,0,NA,POINT (-73.975098 40.680829),FALSE,605691.9863999999,605863.9022,308934.3506,318416.9872
M08,112,630,BMT,Myrtle Av,Myrtle-Wyckoff Avs,Bk,FALSE,M,Elevated,Inbound,Middle Village,1,1,1,NA,POINT (-73.912385 40.69943),FALSE,3253344.2264,3136630.7128,1455503.0844,1395260.9864
124,314,314,IRT,Broadway - 7Av,66 St-Lincoln Center,M,FALSE,1,Subway,Uptown,Downtown,1,1,1,NA,POINT (-73.982209 40.77344),FALSE,2809068.7842,2882799.2784,1420300.7058,1401651.341
F24,240,240,IND,6th Av - Culver,7 Av,Bk,FALSE,F G,Subway,Northbound,Southbound,1,1,1,NA,POINT (-73.980305 40.666271),FALSE,1679780.87,1695130.0528,722333.0202,709437.8286
617,375,375,IRT,Pelham,Cypress Av,Bx,FALSE,6,Subway,Northbound,Manhattan,0,0,0,NA,POINT (-73.914042 40.805368),FALSE,279387.5576,280494.3616,87463.1882,81676.6356
A18,156,156,IND,8th Av - Fulton St,103 St,M,FALSE,C B,Subway,Uptown,Downtown,0,0,0,NA,POINT (-73.961454 40.796092),FALSE,571888.4452,570964.4958,341008.266,338751.8654
H03,198,198,IND,Rockaway,Howard Beach-JFK Airport,Q,FALSE,A,At Grade,Manhattan,Rockaways,1,1,1,NA,POINT (-73.830301 40.660476),FALSE,705455.9808,476738.4056,305986.8578,206528.7372
244,356,356,IRT,Nostrand,Church Av,Bk,FALSE,2 5,Subway,Manhattan,Flatbush,1,1,1,NA,POINT (-73.949575 40.650843),FALSE,1175532.4156,1115400.991,506638.4776,472770.1612
710,454,616,IRT,Flushing,74 St-Broadway,Q,FALSE,7,Elevated,Outbound,Manhattan,1,1,1,NA,POINT (-73.891394 40.746848),FALSE,8882128.5622,8471325.6446,3756989.4722,3439170.0756
J24,91,91,BMT,Jamaica,Alabama Av,Bk,FALSE,J Z,Elevated,Outbound,Manhattan,0,0,0,NA,POINT (-73.898654 40.676992),FALSE,198745.0634,182768.96600000001,19521.926,19994.0672
L21,131,131,BMT,Canarsie,Bushwick Av-Aberdeen St,Bk,FALSE,L,Subway,Manhattan,Outbound,0,0,0,NA,POINT (-73.905249 40.682829),FALSE,289432.8832,285345.6464,124251.9306,120147.3062
R32,28,28,BMT,4th Av,Union St,Bk,FALSE,R,Subway,Manhattan,Southbound,0,0,0,NA,POINT (-73.98311 40.677316),FALSE,1036676.4942,1036554.991,491753.6126,480117.4116
631,402,610,IRT,Lexington Av,Grand Central-42 St,M,TRUE,4 5 6,Subway,Uptown,Downtown,1,1,1,NA,POINT (-73.976848 40.751776),TRUE,21632893.9786,20942786.2236,10624415.7592,9835156.1132
J16,84,84,BMT,Jamaica,85 St-Forest Pkwy,Q,FALSE,J,Elevated,Jamaica,Manhattan,0,0,0,NA,POINT (-73.86001 40.692435),FALSE,245188.0772,241774.4526,84682.4494,81234.0096
B08,223,223,IND,63rd St,Lexington Av/63 St,M,FALSE,F Q,Subway,Uptown & Queens,Downtown,1,1,1,NA,POINT (-73.966113 40.764629),FALSE,2572309.0894,2685546.7292,960613.9966,993348.6034
R27,23,635,BMT,Broadway,Whitehall St-South Ferry,M,TRUE,R W,Subway,Uptown,Downtown,0,0,0,NA,POINT (-74.012994 40.703087),TRUE,4104574.0322000002,3998997.3758,2544507.1028,2322810.6528
217,430,430,IRT,Lenox - White Plains Rd,Simpson St,Bx,FALSE,2 5,Elevated,Northbound,Manhattan,1,1,1,NA,POINT (-73.893064 40.824073),FALSE,905234.2558,878301.2496,263163.272,252146.635
L27,136,136,BMT,Canarsie,New Lots Av,Bk,FALSE,L,Elevated,Manhattan,Canarsie,0,0,0,NA,POINT (-73.899232 40.658733),FALSE,375014.7896,352262.251,120268.51,107887.823
210,423,423,IRT,Lenox - White Plains Rd,Allerton Av,Bx,FALSE,2 5,Elevated,Northbound,Manhattan,0,0,0,NA,POINT (-73.867352 40.865462),FALSE,440966.7992,436856.4986,149549.218,142221.5882
F36,251,251,IND,6th Av - Culver,Avenue U,Bk,FALSE,F,Elevated,Manhattan,Coney Island,0,0,0,NA,POINT (-73.973357 40.596063),FALSE,181691.4938,174808.9462,57687.2416,55863.9448
416,391,391,IRT,Jerome Av,138 St-Grand Concourse,Bx,FALSE,4 5,Subway,Northbound,Manhattan,0,0,0,NA,POINT (-73.929849 40.813224),FALSE,433616.291,424397.2162,173356.4336,163769.7154
B20,67,67,BMT,West End,20 Av,Bk,FALSE,D,Elevated,Manhattan,Southbound,0,0,0,NA,POINT (-73.998168 40.604556),FALSE,626681.6194,615219.3522,264051.086,252982.57
B13,60,60,BMT,West End,Fort Hamilton Pkwy,Bk,FALSE,D,Elevated,Manhattan,Southbound,0,0,0,NA,POINT (-73.994304 40.640914),FALSE,491577.3358,488370.549,150236.1022,142250.3082
F25,241,241,IND,6th Av - Culver,15 St-Prospect Park,Bk,FALSE,F G,Subway,Northbound,Southbound,0,0,0,NA,POINT (-73.979493 40.660365),FALSE,769773.1808,777201.4124,346752.278,344383.938
138,328,328,IRT,Broadway - 7Av,WTC Cortlandt,M,TRUE,1,Subway,Uptown,Downtown,1,1,1,NA,POINT (-74.012188 40.711835),TRUE,2498158.854,2363251.7624,1871999.7782,1652453.1486
G26,283,283,IND,Crosstown,Greenpoint Av,Bk,FALSE,G,Subway,Queens,Southbound,1,1,1,NA,POINT (-73.954449 40.731352),FALSE,1391667.5566,1456088.1662,589824.0228,640610.2448
L06,119,119,BMT,Canarsie,1 Av,M,TRUE,L,Subway,West Side,Brooklyn,1,1,1,NA,POINT (-73.981628 40.730953),TRUE,4224981.012,4290136.5736,1650146.412,1809461.349
D40,55,55,BMT,Broadway - Brighton,Brighton Beach,Bk,FALSE,B Q,Elevated,Manhattan,Southbound,0,0,0,NA,POINT (-73.961376 40.577621),FALSE,1429075.0988,1417846.9076,371208.6726,351202.7784
R04,3,3,BMT,Astoria,30 Av,Q,FALSE,N W,Elevated,Astoria,Manhattan,0,0,0,NA,POINT (-73.921479 40.766779),FALSE,1885316.1658,1851557.767,1161587.2562,1120513.8132
402,379,379,IRT,Jerome Av,Mosholu Pkwy,Bx,FALSE,4,Elevated,Woodlawn,Manhattan,1,1,1,NA,POINT (-73.884655 40.87975),FALSE,777982.0112,786668.8418,238079.7326,235263.2308
H11,209,209,IND,Rockaway,Far Rockaway-Mott Av,Q,FALSE,A,Viaduct,Manhattan,Last Stop,1,1,1,NA,POINT (-73.755405 40.603995),FALSE,340476.2252,293866.8774,83995.8704,71500.6044
601,360,360,IRT,Pelham,Pelham Bay Park,Bx,FALSE,6,Elevated,Last Stop,Manhattan,1,1,1,NA,POINT (-73.828121 40.852462),FALSE,697494.8200000001,641783.4688,221934.0934,199862.741
613,371,371,IRT,Pelham,Hunts Point Av,Bx,FALSE,6,Subway,Northbound,Manhattan,1,1,1,NA,POINT (-73.890549 40.820948),FALSE,1197878.295,1110253.5426,359814.0552,333324.2402
S27,505,505,SIR,Staten Island,Grasmere,SI,FALSE,SIR,Open Cut,Ferry,South Shore,0,0,0,NA,POINT (-74.084087 40.603117),FALSE,0,0,0,0
J20,87,87,BMT,Jamaica,Crescent St,Bk,FALSE,J Z,Elevated,Outbound,Manhattan,0,0,0,NA,POINT (-73.873785 40.683194),FALSE,442825.9704,463145.76,136277.28340000001,135850.2798
A64,194,194,IND,Liberty Av,111 St,Q,FALSE,A,Elevated,Manhattan,Ozone Park,0,0,0,NA,POINT (-73.832163 40.684331),FALSE,212559.7542,206228.6928,115001.3398,107003.3176
A07,147,147,IND,8th Av - Fulton St,175 St,M,FALSE,A,Subway,Uptown,Downtown,1,1,1,NA,POINT (-73.939704 40.847391),FALSE,1279486.6144,1225354.2884,732418.3352,672371.5258
106,296,296,IRT,Broadway - 7Av,Marble Hill-225 St,M,FALSE,1,Elevated,The Bronx,Downtown,0,0,0,NA,POINT (-73.909831 40.874561),FALSE,559242.0446,559530.954,164069.367,164743.60080000001
121,311,311,IRT,Broadway - 7Av,86 St,M,FALSE,1,Subway,Uptown,Downtown,0,0,0,NA,POINT (-73.976218 40.788644),FALSE,2431948.2066,2445482.704,1162405.296,1163888.9216
206,419,419,IRT,Lenox - White Plains Rd,225 St,Bx,FALSE,2 5,Elevated,Northbound,Manhattan,0,0,0,NA,POINT (-73.860341 40.888022),FALSE,296458.6688,288125.8556,89303.591,80926.6128
G13,266,266,IND,Queens Blvd,Elmhurst Av,Q,FALSE,M R,Subway,Outbound,Manhattan,0,0,0,NA,POINT (-73.882017 40.742454),FALSE,1836107.5026,1842929.5674,818801.6908,790490.1444
D27,43,43,BMT,Broadway - Brighton,Parkside Av,Bk,FALSE,Q,Open Cut,Manhattan,Southbound,0,0,0,NA,POINT (-73.961495 40.655292),FALSE,919656.3508,914786.7704,470639.7386,443644.2836
248,343,343,IRT,Eastern Pky,Nostrand Av,Bk,FALSE,3,Subway,Manhattan,Outbound,0,0,0,NA,POINT (-73.950466 40.669847),FALSE,402116.1706,391086.9406,143434.1398,145359.0812
707,451,451,IRT,Flushing,Junction Blvd,Q,FALSE,7,Elevated,Outbound,Manhattan,1,1,1,NA,POINT (-73.869527 40.749145),FALSE,3921577.9046,3786517.651,1372520.8766,1312711.0576
R44,38,38,BMT,4th Av,86 St,Bk,FALSE,R,Subway,Manhattan,Bay Ridge,1,1,1,NA,POINT (-74.028398 40.622687),FALSE,1493342.2898,1395257.3988,497552.6882,463948.7252
412,387,387,IRT,Jerome Av,170 St,Bx,FALSE,4,Elevated,Northbound,Manhattan,1,1,1,NA,POINT (-73.917791 40.840075),FALSE,850933.8932,830292.89,275304.8426,270194.871
221,434,434,IRT,Lenox - White Plains Rd,3 Av-149 St,Bx,FALSE,2 5,Subway,Northbound,Manhattan,1,1,1,NA,POINT (-73.917757 40.816109),FALSE,2409304.005,2306340.1168,834784.1438,790913.1938
108,298,298,IRT,Broadway - 7Av,207 St,M,FALSE,1,Elevated,The Bronx,Downtown,0,0,0,NA,POINT (-73.918822 40.864621),FALSE,727781.0892,701167.5848,143031.5508,166732.5022
H04,199,199,IND,Rockaway,Broad Channel,Q,FALSE,A S,At Grade,Inbound,Rockaways,0,0,0,NA,POINT (-73.815925 40.608382),FALSE,10764.7968,10730.6342,5627.1198,5407.9962
A44,177,177,IND,8th Av - Fulton St,Clinton-Washington Avs,Bk,FALSE,C,Subway,Manhattan,Outbound,0,0,0,NA,POINT (-73.965838 40.683263),FALSE,1000449.525,984781.2143999999,640978.167,575984.6848
A49,182,182,IND,8th Av - Fulton St,Ralph Av,Bk,FALSE,C,Subway,Manhattan,Outbound,0,0,0,NA,POINT (-73.920786 40.678822),FALSE,598668.8132,575575.3676,271222.0818,254054.0134
711,455,455,IRT,Flushing,69 St,Q,FALSE,7,Elevated,Outbound,Manhattan,0,0,0,NA,POINT (-73.896403 40.746325),FALSE,669131.419,667732.6126,212161.81,226150.329
B23,70,70,BMT,West End,Bay 50 St,Bk,FALSE,D,Elevated,Manhattan,Coney Island,0,0,0,NA,POINT (-73.983765 40.588841),FALSE,306317.16,301559.8448,109125.6344,96749.5894
G11,264,264,IND,Queens Blvd,Woodhaven Blvd,Q,FALSE,M R,Subway,Outbound,Manhattan,0,0,0,NA,POINT (-73.869229 40.733106),FALSE,2569430.7478,2585159.6058,945896.8288,927281.03
S09,522,522,SIR,Staten Island,Tottenville,SI,FALSE,SIR,At Grade,Ferry,Last Stop,1,1,1,NA,POINT (-74.251961 40.512764),FALSE,0,0,0,0
R09,461,461,BMT,Astoria,Queensboro Plaza,Q,FALSE,N W,Elevated,Astoria,Manhattan,1,1,1,NA,POINT (-73.940202 40.750582),FALSE,1950090.8148,2068632.6286,897791.5278,977808.052
M13,99,99,BMT,Jamaica,Lorimer St,Bk,FALSE,M J,Elevated,Outbound,Manhattan,0,0,0,NA,POINT (-73.947408 40.703869),FALSE,519089.589,523748.577,258104.6644,227493.7312
S23,509,509,SIR,Staten Island,Grant City,SI,FALSE,SIR,Open Cut,Ferry,South Shore,0,0,0,NA,POINT (-74.109704 40.578965),FALSE,0,0,0,0
G06,279,279,IND,Queens - Archer,Sutphin Blvd-Archer Av-JFK Airport,Q,FALSE,E J Z,Subway,Jamaica,Manhattan,1,1,1,NA,POINT (-73.807969 40.700486),FALSE,4176323.6232,3180682.8968,1501828.816,974159.342
716,460,460,IRT,Flushing,33 St-Rawson St,Q,FALSE,7,Elevated,Outbound,Manhattan,0,0,0,NA,POINT (-73.930997 40.744587),FALSE,1166140.8682,1234840.907,214911.5408,215891.4526
A17,155,155,IND,8th Av - Fulton St,Cathedral Pkwy (110 St),M,FALSE,C B,Subway,Uptown,Downtown,0,0,0,NA,POINT (-73.958161 40.800603),FALSE,1020984.249,1005300.4138,575478.223,557053.878
F06,259,259,IND,Queens Blvd,Kew Gardens-Union Tpke,Q,FALSE,E F,Subway,Jamaica,Manhattan,1,1,1,NA,POINT (-73.831008 40.714441),FALSE,3033849.3942,3007475.8934,1183463.0596,1120665.9496
130,320,320,IRT,Broadway - 7Av,23 St,M,TRUE,1,Subway,Uptown,Downtown,0,0,0,NA,POINT (-73.995657 40.744081),TRUE,1947302.313,2018814.34,913469.2328,940914.5868
A42,175,175,IND,8th Av - Fulton St,Hoyt-Schermerhorn Sts,Bk,FALSE,A C G,Subway,Westbound,Queens,0,0,0,NA,POINT (-73.985001 40.688484),FALSE,1705399.3534,1730689.323,525314.2048,615219.0244
224,438,438,IRT,Lenox - White Plains Rd,135 St,M,FALSE,2 3,Subway,Uptown,Downtown,1,1,1,NA,POINT (-73.94077 40.814229),FALSE,1458701.8762,1459867.6928,650860.3992,632487.2576
N06,75,75,BMT,Sea Beach,20 Av,Bk,FALSE,N,Open Cut,Manhattan,Coney Island,0,0,0,NA,POINT (-73.985026 40.61741),FALSE,536767.8436,516995.7222,195507.7266,177895.0702
A05,145,145,IND,8th Av - Fulton St,190 St,M,FALSE,A,Subway,Uptown,Downtown,0,0,0,NA,POINT (-73.93418 40.859022),FALSE,502016.677,519531.1438,316119.955,302113.7782
G35,291,291,IND,Crosstown,Clinton-Washington Avs,Bk,FALSE,G,Subway,Queens,Southbound,0,0,0,NA,POINT (-73.966839 40.688089),FALSE,696330.7734,695695.9512,269040.45,314901.0594
616,374,374,IRT,Pelham,E 143 St-St Mary's St,Bx,FALSE,6,Subway,Northbound,Manhattan,0,0,0,NA,POINT (-73.907657 40.808719),FALSE,144115.448,144940.0994,42535.0914,39136.83
J29,94,94,BMT,Jamaica,Halsey St,Bk,FALSE,J,Elevated,Outbound,Manhattan,0,0,0,NA,POINT (-73.916559 40.68637),FALSE,728827.8266,711284.3832,413987.3154,370281.6504
D22,231,231,IND,6th Av - Culver,Grand St,M,TRUE,B D,Subway,Uptown,Brooklyn,0,0,0,NA,POINT (-73.993753 40.718267),TRUE,3512229.2398,3717235.9392,1277004.5364,1366360.876
N10,79,79,BMT,Sea Beach,86 St,Bk,FALSE,N,Open Cut,Manhattan,Coney Island,0,0,0,NA,POINT (-73.97823 40.592721),FALSE,279846.6666,268949.5536,69968.8924,66102.6626
252,347,347,IRT,Eastern Pky,Saratoga Av,Bk,FALSE,3,Elevated,Manhattan,New Lots,0,0,0,NA,POINT (-73.916327 40.661453),FALSE,532348.444,511689.7788,192431.1784,176610.2726
S19,513,513,SIR,Staten Island,Great Kills,SI,FALSE,SIR,Open Cut,Ferry,South Shore,1,1,1,NA,POINT (-74.151399 40.551231),FALSE,0,0,0,0
M06,111,111,BMT,Myrtle Av,Seneca Av,Q,FALSE,M,Elevated,Inbound,Middle Village,0,0,0,NA,POINT (-73.90774 40.702762),FALSE,329390.5646,310018.4676,196282.5282,170861.5166
H15,203,203,IND,Rockaway,Rockaway Park-Beach 116 St,Q,FALSE,A S,At Grade,Inbound,Last Stop,1,1,1,NA,POINT (-73.835592 40.580903),FALSE,39331.4572,34119.5822,11551.5006,10916.2196
L13,124,124,BMT,Canarsie,Montrose Av,Bk,FALSE,L,Subway,Manhattan,Outbound,0,0,0,NA,POINT (-73.93985 40.707739),FALSE,964819.704,991719.4136,546967.4206,537401.926
D10,218,218,IND,Concourse,167 St,Bx,FALSE,B D,Subway,Northbound,Manhattan,0,0,0,NA,POINT (-73.91844 40.833771),FALSE,879465.494,869525.034,442126.696,412750.4852
257,352,352,IRT,Eastern Pky,New Lots Av,Bk,FALSE,3,Elevated,Manhattan,Last Stop,0,0,0,NA,POINT (-73.884079 40.666235),FALSE,574591.5934,530426.6286,153379.911,141915.7042
S14,518,518,SIR,Staten Island,Pleasant Plains,SI,FALSE,SIR,Embankment,Ferry,South Shore,0,0,0,NA,POINT (-74.217847 40.52241),FALSE,0,0,0,0
502,443,443,IRT,Dyre Av,Baychester Av,Bx,FALSE,5,Open Cut,Eastchester,Manhattan,0,0,0,NA,POINT (-73.838591 40.878663),FALSE,255945.46,252794.1832,92222.7024,85268.2974
G32,288,288,IND,Crosstown,Myrtle-Willoughby Avs,Bk,FALSE,G,Subway,Queens,Southbound,0,0,0,NA,POINT (-73.949046 40.694568),FALSE,614358.5596,596842.336,255127.6322,261662.174
215,428,428,IRT,Lenox - White Plains Rd,174 St,Bx,FALSE,2 5,Elevated,Northbound,Manhattan,0,0,0,NA,POINT (-73.887734 40.837288),FALSE,672152.41,642498.2986,224108.5554,202231.4488
407,382,382,IRT,Jerome Av,Fordham Rd,Bx,FALSE,4,Elevated,Northbound,Manhattan,1,1,1,NA,POINT (-73.901034 40.862803),FALSE,1122182.4946,1073665.4412,341645.2374,336446.3612
A21,159,159,IND,8th Av - Fulton St,81 St-Museum of Natural History,M,FALSE,C B,Subway,Uptown,Downtown,0,0,0,NA,POINT (-73.972143 40.781433),FALSE,2018402.8286,2058543.4134,1283679.8826,1267389.863
S31,501,501,SIR,Staten Island,St George,SI,FALSE,SIR,Open Cut,Last Stop,South Shore,1,1,1,NA,POINT (-74.073643 40.643748),FALSE,0,0,0,0
A53,186,186,IND,8th Av - Fulton St,Van Siclen Av,Bk,FALSE,C,Subway,Manhattan,Outbound,0,0,0,NA,POINT (-73.890358 40.67271),FALSE,289713.0072,272944.8174,101534.6394,92296.1872
113,303,303,IRT,Broadway - 7Av,157 St,M,FALSE,1,Subway,Uptown,Downtown,0,0,0,NA,POINT (-73.94489 40.834041),FALSE,1330612.7584,1332661.3448,541735.4362,555241.9416
603,362,362,IRT,Pelham,Middletown Rd,Bx,FALSE,6,Elevated,Pelham Bay,Manhattan,0,0,0,NA,POINT (-73.836322 40.843863),FALSE,199611.1412,197209.9648,92833.555,87687.8104
R34,30,30,BMT,4th Av,Prospect Av,Bk,FALSE,R,Subway,Manhattan,Southbound,0,0,0,NA,POINT (-73.992872 40.665414),FALSE,734250.8458,736925.5848,330187.5548,319927.89
S03,141,141,BMT,Franklin Shuttle,Park Pl,Bk,FALSE,S,Open Cut,Franklin Av,Prospect Park,1,1,1,NA,POINT (-73.957624 40.674772),FALSE,176093.7576,167238.5116,61693.7364,63936.9554
D31,47,47,BMT,Broadway - Brighton,Newkirk Plaza,Bk,FALSE,B Q,Open Cut,Manhattan,Southbound,0,0,0,NA,POINT (-73.962793 40.635082),FALSE,1251805.9288,1218261.7788,515229.656,479566.0974
G19,271,271,IND,Queens Blvd,Steinway St,Q,FALSE,M R,Subway,Outbound,Manhattan,0,0,0,NA,POINT (-73.92074 40.756879),FALSE,1677103.5093999999,1716671.5876,729582.3072,762844.4978
F03,256,256,IND,Queens Blvd,Parsons Blvd,Q,FALSE,F,Subway,Jamaica,Manhattan,0,0,0,NA,POINT (-73.803326 40.707564),FALSE,863866.828,797920.3554,320890.6856,276670.518
133,323,323,IRT,Broadway - 7Av,Christopher St-Stonewall,M,TRUE,1,Subway,Uptown,Downtown,0,0,0,NA,POINT (-74.002906 40.733422),TRUE,1854223.0574,1934915.6828,1132935.6466,1155141.1861999999
420,414,414,IRT,Lexington Av,Bowling Green,M,TRUE,4 5,Subway,Uptown,Downtown,1,1,1,NA,POINT (-74.014065 40.704817),TRUE,3055636.5948,3115952.6818,1285445.638,1333331.4214
609,367,367,IRT,Pelham,St Lawrence Av,Bx,FALSE,6,Elevated,Northbound,Manhattan,0,0,0,NA,POINT (-73.867618 40.831509),FALSE,465612.5126,442353.9984,202911.2478,186672.4636
116,306,306,IRT,Broadway - 7Av,125 St,M,FALSE,1,Elevated,Uptown,Downtown,0,0,0,NA,POINT (-73.958372 40.815581),FALSE,1153828.9408,1162013.7184,509131.1762,511949.3302
F18,235,235,IND,6th Av - Culver,York St,Bk,FALSE,F,Subway,Manhattan,Southbound,0,0,0,NA,POINT (-73.986751 40.701397),FALSE,2200951.6658,2257835.4908,1307120.4112,1292858.9658
F31,246,246,IND,6th Av - Culver,Avenue I,Bk,FALSE,F,Elevated,Manhattan,Southbound,0,0,0,NA,POINT (-73.976127 40.625322),FALSE,140441.2396,139208.4906,31401.357,32561.7334
B15,62,62,BMT,West End,55 St,Bk,FALSE,D,Elevated,Manhattan,Southbound,0,0,0,NA,POINT (-73.995476 40.631435),FALSE,177572.7308,176152.73560000001,42118.0248,38881.6762
H09,207,207,IND,Rockaway,Beach 36 St,Q,FALSE,A,Viaduct,Manhattan,Far Rockaway,0,0,0,NA,POINT (-73.768175 40.595398),FALSE,30807.862,30790.1294,10088.5558,8970.4406
M23,107,107,BMT,Jamaica,Broad St,M,TRUE,J Z,Subway,Brooklyn,Last Stop,0,0,0,NA,POINT (-74.011056 40.706476),TRUE,766808.2506,791643.4244,317281.732,309446.0534
625,396,396,IRT,Lexington Av,96 St,M,FALSE,6,Subway,The Bronx,Downtown,0,0,0,NA,POINT (-73.95107 40.785672),FALSE,2271972.1014,2294617.1516,988347.0814,965715.4996
R17,12,607,BMT,Broadway - Brighton,34 St-Herald Sq,M,TRUE,N Q R W,Subway,Uptown,Downtown,1,1,1,NA,POINT (-73.98795 40.749567),TRUE,15742960.8994,15921936.5118,6009990.406,5916773.9216
D06,214,214,IND,Concourse,182-183 Sts,Bx,FALSE,B D,Subway,Northbound,Manhattan,0,0,0,NA,POINT (-73.900741 40.856093),FALSE,469801.2566,437440.0588,228862.8808,203881.0064
A14,152,152,IND,8th Av - Fulton St,135 St,M,FALSE,C B,Subway,Uptown,Downtown,0,0,0,NA,POINT (-73.947649 40.817894),FALSE,610070.94239999994,586248.0574,283698.2792,274584.3418
211,424,424,IRT,Lenox - White Plains Rd,Pelham Pkwy,Bx,FALSE,2 5,Elevated,Northbound,Manhattan,1,1,1,NA,POINT (-73.867615 40.857192),FALSE,862684.1172,848078.1568,273821.664,265093.5242
N07,76,76,BMT,Sea Beach,Bay Pkwy,Bk,FALSE,N,Open Cut,Manhattan,Coney Island,0,0,0,NA,POINT (-73.981848 40.611815),FALSE,887264.1976,871626.1894,332897.9268,317888.02
225,439,439,IRT,Lenox - White Plains Rd,125 St,M,FALSE,2 3,Subway,Uptown,Downtown,0,0,0,NA,POINT (-73.945495 40.807754),FALSE,1855969.1228,1855639.6528,686720.1496,711894.8204
B14,61,61,BMT,West End,50 St,Bk,FALSE,D,Elevated,Manhattan,Southbound,0,0,0,NA,POINT (-73.994791 40.63626),FALSE,367871.5856,363635.3994,84297.8298,79530.9272
R45,39,39,BMT,4th Av,Bay Ridge-95 St,Bk,FALSE,R,Subway,Manhattan,Last Stop,1,1,1,NA,POINT (-74.030876 40.616622),FALSE,657606.5968,614652.3756,285275.714,261758.2806
G28,284,284,IND,Crosstown,Nassau Av,Bk,FALSE,G,Subway,Queens,Southbound,0,0,0,NA,POINT (-73.951277 40.724635),FALSE,1398788.6514,1466940.778,473811.0646,587285.596
A33,168,168,IND,8th Av - Fulton St,Spring St,M,TRUE,C E,Subway,Uptown,Downtown,0,0,0,NA,POINT (-74.003739 40.726227),TRUE,2107088.9263999998,2254142.1788,1179244.02,1244048.7504
411,386,386,IRT,Jerome Av,Mt Eden Av,Bx,FALSE,4,Elevated,Northbound,Manhattan,0,0,0,NA,POINT (-73.914685 40.844434),FALSE,499034.7112,456087.229,167988.0008,151845.7272
G05,278,278,IND,Queens - Archer,Jamaica Center-Parsons/Archer,Q,FALSE,E J Z,Subway,Last Stop,Manhattan,1,1,1,NA,POINT (-73.801109 40.702147),FALSE,3966566.4096,3563243.6342,1233465.0864,1077879.199
109,299,299,IRT,Broadway - 7Av,Dyckman St,M,FALSE,1,Elevated,The Bronx,Downtown,1,1,1,NA,POINT (-73.925536 40.860531),FALSE,894374.6362,821399.8618,266761.5088,273209.9574
R40,34,34,BMT,4th Av,53 St,Bk,FALSE,R,Subway,Manhattan,Southbound,0,0,0,NA,POINT (-74.014034 40.645069),FALSE,1140486.0066,1102739.1504,379949.989,357218.5674
A59,190,190,IND,Liberty Av,80 St,Q,FALSE,A,Elevated,Manhattan,Outbound,0,0,0,NA,POINT (-73.858992 40.679371),FALSE,471793.0404,464104.37,251406.6836,236716.4194
A50,183,183,IND,8th Av - Fulton St,Rockaway Av,Bk,FALSE,C,Subway,Manhattan,Outbound,0,0,0,NA,POINT (-73.911946 40.67834),FALSE,631929.5222,606941.5124,273992.648,256000.7204
D35,51,51,BMT,Broadway - Brighton,Kings Hwy,Bk,FALSE,B Q,Open Cut,Manhattan,Southbound,1,1,1,NA,POINT (-73.957734 40.60867),FALSE,2612532.9922,2572275.6664,969472.1432,921469.8932
626,397,397,IRT,Lexington Av,86 St,M,FALSE,4 5 6,Subway,Uptown,Downtown,2,1,0,Uptown local only,POINT (-73.955589 40.779492),FALSE,6662703.5722,6828576.5964,3056455.1788,3111435.4378
R03,2,2,BMT,Astoria,Astoria Blvd,Q,FALSE,N W,Elevated,Astoria,Manhattan,1,1,1,NA,POINT (-73.917843 40.770258),FALSE,1460505.7946,1416065.3796,925122.5712,870415.014
216,429,429,IRT,Lenox - White Plains Rd,Freeman St,Bx,FALSE,2 5,Elevated,Northbound,Manhattan,0,0,0,NA,POINT (-73.891865 40.829993),FALSE,453450.3558,441878.0746,184054.3584,172208.8272
D01,210,210,IND,Concourse,Norwood-205 St,Bx,FALSE,D,Subway,Last Stop,Manhattan,0,0,0,NA,POINT (-73.878855 40.874811),FALSE,722490.2442,713947.3542,331704.751,311297.132
706,450,450,IRT,Flushing,103 St-Corona Plaza,Q,FALSE,7,Elevated,Outbound,Manhattan,0,0,0,NA,POINT (-73.8627 40.749865),FALSE,3284048.249,3080625.0998,1217343.7522,1106579.3478
243,355,355,IRT,Nostrand,Winthrop St,Bk,FALSE,2 5,Subway,Manhattan,Flatbush,0,0,0,NA,POINT (-73.9502 40.656652),FALSE,957037.9906,931881.281,403200.5736,383867.4698
F23,239,608,IND,6th Av - Culver,4 Av-9 St,Bk,FALSE,F G,Viaduct,Northbound,Southbound,0,0,0,NA,POINT (-73.989779 40.670272),FALSE,1747974.4202,1793880.1484,641800.9464,659057.931
F26,242,242,IND,6th Av - Culver,Fort Hamilton Pkwy,Bk,FALSE,F G,Subway,Northbound,Southbound,0,0,0,NA,POINT (-73.975776 40.650782),FALSE,763983.8714,750745.0194,350307.8754,339582.7988
F38,252,252,IND,6th Av - Culver,Avenue X,Bk,FALSE,F,Elevated,Manhattan,Coney Island,0,0,0,NA,POINT (-73.97425 40.58962),FALSE,248641.929,244245.4808,87314.4384,82135.0928
205,418,418,IRT,Lenox - White Plains Rd,233 St,Bx,FALSE,2 5,Elevated,Northbound,Manhattan,1,1,1,NA,POINT (-73.857473 40.893193),FALSE,389782.35480000003,390067.6802,107521.318,100959.813
L16,127,127,BMT,Canarsie,DeKalb Av,Bk,FALSE,L,Subway,Manhattan,Outbound,0,0,0,NA,POINT (-73.918425 40.703811),FALSE,1808380.9224,1783791.7616,934680.273,914782.4338
L28,137,137,BMT,Canarsie,East 105 St,Bk,FALSE,L,At Grade,Manhattan,Canarsie,0,0,0,NA,POINT (-73.899485 40.650573),FALSE,266861.38420000003,253096.5978,100814.4506,90557.9318
721,464,464,IRT,Flushing,Vernon Blvd-Jackson Av,Q,FALSE,7,Subway,Outbound,Manhattan,0,0,0,NA,POINT (-73.953581 40.742626),FALSE,2473215.5518,2523733.0582,1538284.5976,1511201.1266
621,392,392,IRT,Lexington Av,125 St,M,FALSE,4 5 6,Subway,The Bronx,Downtown,1,1,1,NA,POINT (-73.937594 40.804138),FALSE,3453787.7226,3213794.1692,1019466.1504,970137.0952
S24,508,508,SIR,Staten Island,Jefferson Av,SI,FALSE,SIR,Embankment,Ferry,South Shore,0,0,0,NA,POINT (-74.103338 40.583591),FALSE,0,0,0,0
137,327,327,IRT,Broadway - 7Av,Chambers St,M,TRUE,1 2 3,Subway,Uptown,Downtown,1,1,1,NA,POINT (-74.009266 40.715478),TRUE,2436633.7926,2583489.9652,1182871.8882,1202738.0992
A65,195,195,IND,Liberty Av,Ozone Park-Lefferts Blvd,Q,FALSE,A,Elevated,Manhattan,Last Stop,1,1,1,NA,POINT (-73.825798 40.685951),FALSE,729633.6462,699859.7668,318761.2384,296375.59620000003
B19,66,66,BMT,West End,18 Av,Bk,FALSE,D,Elevated,Manhattan,Southbound,0,0,0,NA,POINT (-74.001736 40.607954),FALSE,756276.59,745468.3946,330745.7158,313998.023
M19,103,103,BMT,Jamaica,Bowery,M,TRUE,J Z,Subway,Brooklyn,Downtown,0,0,0,NA,POINT (-73.993915 40.72028),TRUE,496846.432,527196.8956,168477.5798,219418.0738
636,407,407,IRT,Lexington Av,Astor Pl,M,TRUE,6,Subway,Uptown,Downtown,0,0,0,NA,POINT (-73.99107 40.730054),TRUE,2310441.9722,2438266.557,1272509.775,1318042.9318
D28,44,44,BMT,Broadway - Brighton,Church Av,Bk,FALSE,B Q,Open Cut,Manhattan,Southbound,1,1,1,NA,POINT (-73.962982 40.650527),FALSE,1587211.94,1560626.5052,676634.33,640999.3666
J28,93,93,BMT,Jamaica,Chauncey St,Bk,FALSE,J Z,Elevated,Outbound,Manhattan,0,0,0,NA,POINT (-73.910456 40.682893),FALSE,307787.03859999997,311799.587,147202.4338,134904.1922
712,456,456,IRT,Flushing,61 St-Woodside,Q,FALSE,7,Elevated,Outbound,Manhattan,1,1,1,NA,POINT (-73.902984 40.74563),FALSE,2330228.969,2318072.459,856420.448,875114.5676
D41,56,56,BMT,Broadway - Brighton,Ocean Pkwy,Bk,FALSE,Q,Elevated,Manhattan,Coney Island,0,0,0,NA,POINT (-73.968501 40.576312),FALSE,356897.208,355680.2126,90820.1286,89585.1026
J21,88,88,BMT,Jamaica,Norwood Av,Bk,FALSE,J Z,Elevated,Outbound,Manhattan,0,0,0,NA,POINT (-73.880039 40.68141),FALSE,235938.8702,244346.0508,75806.5458,73423.2816
104,295,295,IRT,Broadway - 7Av,231 St,Bx,FALSE,1,Elevated,Van Cortlandt,Manhattan,1,1,1,NA,POINT (-73.904834 40.878856),FALSE,1077054.86,1067113.9916,398761.478,384861.5828
G10,263,263,IND,Queens Blvd,63 Dr-Rego Park,Q,FALSE,M R,Subway,Outbound,Manhattan,0,0,0,NA,POINT (-73.861604 40.729846),FALSE,1831425.6066,1811996.3924,762762.8328,733317.8652
A28,164,164,IND,8th Av - Fulton St,34 St-Penn Station,M,TRUE,A C E,Subway,Uptown,Downtown,1,1,1,NA,POINT (-73.993391 40.752287),TRUE,11917250.1582,11168036.1486,5923195.947,5342476.596
H12,200,200,IND,Rockaway,Beach 90 St,Q,FALSE,A S,Viaduct,Inbound,Rockaway Park,0,0,0,NA,POINT (-73.813641 40.588034),FALSE,55881.5186,62341.2226,20580.2514,21553.302
126,316,316,IRT,Broadway - 7Av,50 St,M,TRUE,1,Subway,Uptown,Downtown,0,0,0,NA,POINT (-73.983849 40.761728),TRUE,3668704.3168,3735061.1964,1777725.9536000001,1808720.5738
120,310,310,IRT,Broadway - 7Av,96 St,M,FALSE,1 2 3,Subway,Uptown,Downtown,1,1,1,NA,POINT (-73.972323 40.793919),FALSE,5124269.533,5117420.3656,2483067.654,2441410.2976
N02,71,71,BMT,Sea Beach,8 Av,Bk,FALSE,N,Open Cut,Manhattan,Coney Island,1,1,1,NA,POINT (-74.011719 40.635064),FALSE,1654024.3352,1613067.2022,526820.2698,516716.4142
S13,519,519,SIR,Staten Island,Richmond Valley,SI,FALSE,SIR,Open Cut,Ferry,Tottenville,0,0,0,NA,POINT (-74.229141 40.519631),FALSE,0,0,0,0
247,359,359,IRT,Nostrand,Flatbush Av-Brooklyn College,Bk,FALSE,2 5,Subway,Manhattan,Last Stop,1,1,1,NA,POINT (-73.947642 40.632836),FALSE,2318086.421,2176534.1008,931351.632,848544.1764
401,378,378,IRT,Jerome Av,Woodlawn,Bx,FALSE,4,Elevated,Last Stop,Manhattan,0,0,0,NA,POINT (-73.878751 40.886037),FALSE,747330.4164,725233.9066,231438.14,220619.0826
505,446,446,IRT,Dyre Av,Morris Park,Bx,FALSE,5,Open Cut,Eastchester,Manhattan,0,0,0,NA,POINT (-73.860495 40.854364),FALSE,262686.129,248605.4282,148872.7822,136716.8744
612,370,370,IRT,Pelham,Whitlock Av,Bx,FALSE,6,Elevated,Northbound,Manhattan,0,0,0,NA,POINT (-73.886283 40.826525),FALSE,167957.021,158703.4138,56979.1284,54105.7916
M12,98,98,BMT,Jamaica,Flushing Av,Bk,FALSE,M J,Elevated,Outbound,Manhattan,1,1,1,NA,POINT (-73.941126 40.70026),FALSE,1046439.6238,1026250.4346,399936.2756,348628.3348
S28,504,504,SIR,Staten Island,Clifton,SI,FALSE,SIR,Elevated,Ferry,South Shore,0,0,0,NA,POINT (-74.071402 40.621319),FALSE,0,0,0,0
220,433,433,IRT,Lenox - White Plains Rd,Jackson Av,Bx,FALSE,2 5,Elevated,Northbound,Manhattan,0,0,0,NA,POINT (-73.907807 40.81649),FALSE,528454.208,524968.8326,179024.6686,170941.8894
D07,215,215,IND,Concourse,Tremont Av,Bx,FALSE,B D,Subway,Northbound,Manhattan,1,1,1,NA,POINT (-73.905227 40.85041),FALSE,909911.3968,851847.0066,466793.0158,413454.5032
L08,120,120,BMT,Canarsie,Bedford Av,Bk,FALSE,L,Subway,Manhattan,Outbound,1,1,1,NA,POINT (-73.956872 40.717304),FALSE,5777661.4158,5968568.3626,3562821.9586,3529196.6834
B06,222,222,IND,63rd St,Roosevelt Island,M,FALSE,F,Subway,Queens,Downtown,1,1,1,NA,POINT (-73.95326 40.759145),FALSE,1235134.9248,1243314.6316,723660.9468,669825.675
J15,83,83,BMT,Jamaica,Woodhaven Blvd,Q,FALSE,J Z,Elevated,Jamaica,Manhattan,1,1,1,NA,POINT (-73.851576 40.693879),FALSE,428916.3922,440645.9204,122185.5662,126004.709
S18,514,514,SIR,Staten Island,Eltingville,SI,FALSE,SIR,Embankment,Ferry,South Shore,0,0,0,NA,POINT (-74.16457 40.544601),FALSE,0,0,0,0
F14,232,232,IND,6th Av - Culver,2 Av,M,TRUE,F,Subway,Uptown,Downtown,0,0,0,NA,POINT (-73.989938 40.723402),TRUE,2550271.3188,2711084.0302,1246334.5392,1328284.8064000001
253,348,348,IRT,Eastern Pky,Rockaway Av,Bk,FALSE,3,Elevated,Manhattan,New Lots,0,0,0,NA,POINT (-73.908946 40.662549),FALSE,479317.6166,426373.0236,136698.4292,117667.3468
